postcode,regiostar,state
10115,1,BE
10117,1,BE
10119,1,BE
10178,1,BE
10179,1,BE
10243,1,BE
10245,1,BE
10247,1,BE
10249,1,BE
10315,1,BE
10317,1,BE
10318,1,BE
10319,1,BE
10365,1,BE
10367,1,BE
10369,1,BE
10405,1,BE
10407,1,BE
10409,1,BE
10435,1,BE
10437,1,BE
10439,1,BE
10551,1,BE
10553,1,BE
10555,1,BE
10557,1,BE
10559,1,BE
10585,1,BE
10587,1,BE
10589,1,BE
10623,1,BE
10625,1,BE
10627,1,BE
10629,1,BE
1067,1,SN
1069,1,SN
10707,1,BE
10709,1,BE
10711,1,BE
10713,1,BE
10715,1,BE
10717,1,BE
10719,1,BE
10777,1,BE
10779,1,BE
10781,1,BE
10783,1,BE
10785,1,BE
10787,1,BE
10789,1,BE
10823,1,BE
10825,1,BE
10827,1,BE
10829,1,BE
10961,1,BE
10963,1,BE
10965,1,BE
10967,1,BE
10969,1,BE
1097,1,SN
1099,1,SN
10997,1,BE
10999,1,BE
1108,1,SN
1109,1,SN
1127,1,SN
1129,1,SN
1139,1,SN
1156,1,SN
1157,1,SN
1159,1,SN
1169,1,SN
1187,1,SN
1189,1,SN
12043,1,BE
12045,1,BE
12047,1,BE
12049,1,BE
12051,1,BE
12053,1,BE
12055,1,BE
12057,1,BE
12059,1,BE
12099,1,BE
12101,1,BE
12103,1,BE
12105,1,BE
12107,1,BE
12109,1,BE
12157,1,BE
12159,1,BE
12161,1,BE
12163,1,BE
12165,1,BE
12167,1,BE
12169,1,BE
1217,1,SN
1219,1,SN
12203,1,BE
12205,1,BE
12207,1,BE
12209,1,BE
12247,1,BE
12249,1,BE
12277,1,BE
12279,1,BE
12305,1,BE
12307,1,BE
12309,1,BE
12347,1,BE
12349,1,BE
12351,1,BE
12353,1,BE
12355,1,BE
12357,1,BE
12359,1,BE
1237,1,SN
1239,1,SN
12435,1,BE
12437,1,BE
12439,1,BE
12459,1,BE
12487,1,BE
12489,1,BE
12524,1,BE
12526,1,BE
12527,1,BE
12529,4,BB
12555,1,BE
12557,1,BE
12559,1,BE
1257,1,SN
12587,1,BE
12589,1,BE
1259,1,SN
12619,1,BE
12621,1,BE
12623,1,BE
12627,1,BE
12629,1,BE
12679,1,BE
12681,1,BE
12683,1,BE
12685,1,BE
12687,1,BE
12689,1,BE
1277,1,SN
1279,1,SN
13051,1,BE
13053,1,BE
13055,1,BE
13057,1,BE
13059,1,BE
1307,1,SN
13086,1,BE
13088,1,BE
13089,1,BE
1309,1,SN
13125,1,BE
13127,1,BE
13129,1,BE
13156,1,BE
13158,1,BE
13159,1,BE
13187,1,BE
13189,1,BE
1324,1,SN
1326,1,SN
1328,1,SN
13347,1,BE
13349,1,BE
13351,1,BE
13353,1,BE
13355,1,BE
13357,1,BE
13359,1,BE
13403,1,BE
13405,1,BE
13407,1,BE
13409,1,BE
13435,1,BE
13437,1,BE
13439,1,BE
13465,1,BE
13467,1,BE
13469,1,BE
13503,1,BE
13505,1,BE
13507,1,BE
13509,1,BE
13581,1,BE
13583,1,BE
13585,1,BE
13587,1,BE
13589,1,BE
13591,1,BE
13593,1,BE
13595,1,BE
13597,1,BE
13599,1,BE
13627,1,BE
13629,1,BE
14050,1,BE
14052,1,BE
14053,1,BE
14055,1,BE
14057,1,BE
14059,1,BE
14089,1,BE
14109,1,BE
14129,1,BE
14163,1,BE
14165,1,BE
14167,1,BE
14169,1,BE
14193,1,BE
14195,1,BE
14197,1,BE
14199,1,BE
1445,3,SN
14467,2,BB
14469,2,BB
14471,2,BB
14473,2,BB
14476,2,BB
14478,2,BB
14480,2,BB
14482,2,BB
14513,4,BB
14532,4,BB
1454,5,SN
14542,4,BB
14547,5,BB
14548,4,BB
14550,5,BB
14552,4,BB
14554,5,BB
14558,4,BB
1458,4,SN
14612,3,BB
14621,5,BB
14624,4,BB
14641,5,BB
1465,1,SN
14656,4,BB
14662,5,BB
14669,5,BB
1468,4,SN
1471,5,SN
14712,3,BB
14715,3,BB
14727,4,BB
14728,5,BB
1477,5,SN
14770,3,BB
14772,3,BB
14774,3,BB
14776,3,BB
14778,3,BB
14789,5,BB
14793,5,BB
14797,5,BB
14798,5,BB
14806,5,BB
14822,5,BB
14823,5,BB
14827,5,BB
14828,5,BB
14913,5,BB
14929,5,BB
14943,3,BB
14947,5,BB
14959,5,BB
14974,4,BB
14979,4,BB
15230,3,BB
15232,3,BB
15234,3,BB
15236,3,BB
15295,5,BB
15299,5,BB
15306,5,BB
15320,5,BB
15324,5,BB
15326,5,BB
15328,5,BB
15344,4,BB
15345,5,BB
15366,4,BB
15370,4,BB
15374,5,BB
15377,5,BB
15378,4,BB
15517,3,BB
15518,5,BB
15526,5,BB
15528,5,BB
15537,5,BB
15562,4,BB
15566,4,BB
15569,4,BB
1558,4,SN
1561,5,SN
15711,3,BB
15712,3,BB
15713,3,BB
15732,4,BB
15738,4,BB
15741,4,BB
15745,4,BB
15746,5,BB
15748,5,BB
15749,5,BB
15754,5,BB
15755,5,BB
15757,5,BB
15806,5,BB
15827,4,BB
15831,4,BB
15834,4,BB
15837,5,BB
15838,5,BB
15848,5,BB
15859,5,BB
15864,5,BB
15868,5,BB
1587,3,SN
1589,3,SN
15890,5,BB
15898,5,BB
15907,4,BB
1591,3,SN
15910,5,BB
15913,5,BB
15926,5,BB
15936,5,BB
15938,5,BB
1594,5,SN
1609,5,SN
1612,5,SN
1616,5,SN
1619,5,SN
16225,3,BB
16227,3,BB
1623,5,SN
16230,5,BB
16244,5,BB
16247,5,BB
16248,5,BB
16259,5,BB
16269,5,BB
16278,5,BB
16303,3,BB
16306,5,BB
16307,5,BB
16321,3,BB
16341,4,BB
16348,5,BB
16356,5,BB
16359,5,BB
1640,4,SN
16515,3,BB
16540,4,BB
16547,4,BB
16548,4,BB
16552,4,BB
16556,4,BB
16559,5,BB
16562,4,BB
16567,4,BB
1662,4,SN
1665,4,SN
16727,5,BB
16761,4,BB
16766,5,BB
16767,4,BB
16775,5,BB
16792,5,BB
16798,5,BB
16816,3,BB
16818,5,BB
16827,3,BB
1683,5,SN
16831,5,BB
16833,5,BB
16835,5,BB
16837,5,BB
16845,5,BB
16866,5,BB
16868,5,BB
1689,4,SN
16909,5,BB
16928,5,BB
16945,5,BB
16949,5,BB
17033,3,MV
17034,3,MV
17036,3,MV
17039,5,MV
1705,3,SN
17087,5,MV
17089,5,MV
17091,5,MV
17094,5,MV
17098,5,MV
17099,5,MV
17109,4,MV
17111,5,MV
17121,5,MV
17126,5,MV
17129,5,MV
17139,5,MV
17153,5,MV
17154,5,MV
17159,5,MV
17166,5,MV
17168,5,MV
17179,5,MV
17192,5,MV
17194,5,MV
17207,5,MV
17209,5,MV
17213,5,MV
17214,5,MV
17217,5,MV
17219,5,MV
1723,5,SN
17235,3,MV
17237,5,MV
17248,5,MV
17252,5,MV
17255,5,MV
17258,5,MV
17268,5,BB
17279,5,BB
1728,4,SN
17291,3,BB
17309,4,MV
1731,5,SN
17321,5,MV
17322,5,MV
17326,5,BB
17328,5,MV
17329,5,MV
17335,5,MV
17337,5,MV
1734,4,SN
17348,5,MV
17349,5,MV
17358,5,MV
17367,5,MV
1737,5,SN
17373,4,MV
17375,5,MV
17379,5,MV
1738,5,SN
17389,4,MV
17390,5,MV
17391,5,MV
17392,5,MV
17398,5,MV
17406,5,MV
17419,5,MV
17424,4,MV
17429,5,MV
17438,5,MV
1744,4,SN
17440,5,MV
17449,5,MV
17454,5,MV
17459,5,MV
17489,3,MV
17491,3,MV
17493,3,MV
17495,5,MV
17498,5,MV
17506,5,MV
17509,5,MV
1762,5,SN
1768,5,SN
1773,5,SN
1774,5,SN
1776,5,SN
1778,5,SN
1796,3,SN
18055,2,MV
18057,2,MV
18059,5,MV
18069,5,MV
1809,4,SN
18106,2,MV
18107,5,MV
18109,2,MV
18119,2,MV
1814,5,SN
18146,2,MV
18147,2,MV
1816,5,SN
18181,5,MV
18182,5,MV
18184,5,MV
1819,5,SN
18190,5,MV
18195,5,MV
18196,5,MV
18198,5,MV
18209,4,MV
18211,5,MV
18225,4,MV
18230,5,MV
18233,5,MV
18236,5,MV
18239,5,MV
1824,5,SN
18246,5,MV
18249,5,MV
1825,5,SN
18258,5,MV
18273,3,MV
18276,3,MV
18279,5,MV
1829,5,SN
18292,5,MV
18299,5,MV
18311,4,MV
18314,5,MV
18317,5,MV
18320,4,MV
1833,5,SN
18334,5,MV
18337,5,MV
18347,4,null
18356,5,MV
18374,5,MV
18375,5,MV
18435,3,MV
18437,3,MV
18439,3,MV
1844,4,SN
18442,5,MV
18445,0,null
18461,5,MV
18465,5,MV
18469,5,MV
1847,5,SN
1848,5,SN
18507,4,MV
18510,5,MV
18513,5,MV
18516,5,MV
18519,5,MV
18528,5,MV
18546,4,MV
1855,5,SN
18551,5,MV
18556,5,MV
18565,5,MV
18569,5,MV
18573,5,MV
18574,5,MV
18581,5,MV
18586,0,null
18609,5,MV
1877,4,SN
1896,5,SN
1900,4,SN
1904,4,SN
19053,2,MV
19055,2,MV
19057,2,MV
19059,2,MV
1906,5,SN
19061,2,MV
19063,2,MV
19065,5,MV
19067,5,MV
19069,5,MV
19071,5,MV
19073,5,MV
19075,5,MV
19077,5,MV
19079,5,MV
19086,5,MV
19089,5,MV
1909,5,SN
1917,0,SN
1920,5,SN
19205,5,MV
19209,5,MV
19217,5,MV
19230,4,MV
19243,5,MV
19246,5,MV
19249,5,MV
19258,5,MV
19260,5,MV
19273,5,NI
19288,4,MV
19294,5,MV
19300,5,MV
19303,5,MV
19306,5,MV
19309,5,BB
19322,5,BB
19336,5,BB
19339,5,BB
19348,5,BB
19357,5,BB
1936,5,SN
19370,3,MV
19372,3,MV
19374,5,MV
19376,0,MV
19386,5,MV
19395,5,MV
19399,5,MV
19406,5,MV
19412,5,MV
19417,5,MV
1945,5,BB
1968,3,BB
1979,4,BB
1983,4,BB
1987,4,BB
1990,5,BB
1993,5,BB
1994,5,BB
1996,3,BB
1998,5,BB
20095,1,HH
20097,1,HH
20099,1,HH
20144,1,HH
20146,1,HH
20148,1,HH
20149,1,HH
20249,1,HH
20251,1,HH
20253,1,HH
20255,1,HH
20257,1,HH
20259,1,HH
20354,1,HH
20355,1,HH
20357,1,HH
20359,1,HH
20457,1,HH
20459,1,HH
20535,1,HH
20537,1,HH
20539,1,HH
21029,1,HH
21031,1,HH
21033,1,HH
21035,1,HH
21037,1,HH
21039,1,HH
21073,1,HH
21075,1,HH
21077,1,NI
21079,1,HH
21107,1,HH
21109,1,HH
21129,1,HH
21147,1,HH
21149,1,HH
21217,3,NI
21218,3,NI
21220,3,NI
21224,4,NI
21227,4,NI
21228,4,NI
21244,3,NI
21255,5,NI
21256,5,NI
21258,5,NI
21259,5,NI
21261,5,NI
21266,4,NI
21271,5,NI
21272,5,NI
21274,5,NI
21279,5,NI
21335,3,NI
21337,3,NI
21339,3,NI
21354,5,NI
21357,5,NI
21358,5,NI
21360,5,NI
21365,4,NI
21368,5,NI
21369,5,NI
21371,5,NI
21376,5,NI
21379,5,NI
21380,5,NI
21382,5,NI
21385,5,NI
21386,5,NI
21388,5,NI
21391,5,NI
21394,5,NI
21395,4,NI
21397,5,NI
21398,5,NI
21400,5,NI
21401,5,NI
21403,5,NI
21406,5,NI
21407,5,NI
21409,5,NI
21423,3,NI
21435,4,NI
21436,4,NI
21438,5,NI
21439,5,NI
21441,5,NI
21442,5,NI
21444,5,NI
21445,5,NI
21447,5,NI
21449,5,NI
21465,4,SH
21481,5,SH
21483,5,SH
21493,5,SH
21502,5,SH
21509,4,SH
21514,5,SH
21516,5,SH
21521,5,SH
21522,5,NI
21524,5,SH
21526,5,SH
21527,5,SH
21529,5,SH
21614,3,NI
21629,4,NI
21635,4,NI
21640,4,NI
21641,5,NI
21643,5,NI
21644,5,NI
21646,5,NI
21647,5,NI
21649,5,NI
21680,3,NI
21682,3,NI
21683,3,NI
21684,3,NI
21698,5,NI
21702,5,NI
21706,4,NI
21709,5,NI
21710,5,NI
21712,5,NI
21714,5,NI
21717,5,NI
21720,5,NI
21723,5,NI
21726,5,NI
21727,5,NI
21729,5,NI
21730,5,NI
21732,5,NI
21734,5,NI
21737,5,NI
21739,4,NI
21745,5,NI
21755,5,NI
21756,5,NI
21762,5,NI
21763,5,NI
21765,5,NI
21769,5,NI
21770,5,NI
21772,5,NI
21775,5,NI
21776,5,NI
21781,5,NI
21782,5,NI
21785,5,NI
21787,5,NI
21789,5,NI
22041,1,HH
22043,1,HH
22045,1,HH
22047,1,HH
22049,1,HH
22081,1,HH
22083,1,HH
22085,1,HH
22087,1,HH
22089,1,HH
22111,1,HH
22113,4,SH
22115,1,HH
22117,1,HH
22119,1,HH
22143,1,HH
22145,5,SH
22147,1,HH
22149,1,HH
22159,1,HH
22175,1,HH
22177,1,HH
22179,1,HH
22297,1,HH
22299,1,HH
22301,1,HH
22303,1,HH
22305,1,HH
22307,1,HH
22309,1,HH
22335,1,HH
22337,1,HH
22339,1,HH
22359,1,HH
22391,1,HH
22393,1,HH
22395,1,HH
22397,1,HH
22399,1,HH
22415,1,HH
22417,1,HH
22419,1,HH
22453,1,HH
22455,1,HH
22457,1,HH
22459,1,HH
22523,1,HH
22525,1,HH
22527,1,HH
22529,1,HH
22547,1,HH
22549,1,HH
22559,1,HH
22587,1,HH
22589,1,HH
22605,1,HH
22607,1,HH
22609,1,HH
22761,1,HH
22763,1,HH
22765,1,HH
22767,1,HH
22769,1,HH
22844,4,SH
22846,3,SH
22848,3,SH
22850,3,SH
22851,3,SH
22869,4,SH
22880,3,SH
22885,4,SH
22889,1,HH
22926,3,SH
22927,4,SH
22929,5,SH
22941,4,SH
22946,5,SH
22949,4,SH
22952,5,SH
22955,5,SH
22956,5,SH
22958,5,SH
22959,5,SH
22961,5,SH
22962,5,SH
22964,5,SH
22965,5,SH
22967,5,SH
22969,5,SH
23552,2,SH
23554,2,SH
23556,2,SH
23558,2,SH
23560,2,SH
23562,2,SH
23564,2,SH
23566,2,SH
23568,2,SH
23569,2,SH
23570,2,SH
23611,4,SH
23617,4,SH
23619,5,SH
23623,5,SH
23626,4,SH
23627,5,SH
23628,5,SH
23629,4,SH
23669,4,SH
23683,4,SH
23684,4,SH
23689,4,SH
23701,5,SH
23714,4,SH
23715,5,SH
23717,5,SH
23719,5,SH
23730,4,SH
23738,5,SH
23743,4,SH
23744,5,SH
23746,5,SH
23747,5,SH
23749,5,SH
23758,4,SH
23769,5,SH
23774,4,SH
23775,5,SH
23777,5,SH
23779,5,SH
23795,4,SH
23812,5,SH
23813,5,SH
23815,5,SH
23816,5,SH
23818,5,SH
23820,5,SH
23821,5,SH
23823,5,SH
23824,5,SH
23826,5,SH
23827,5,SH
23829,5,SH
23843,4,SH
23845,5,SH
23847,5,SH
23858,4,SH
23860,5,SH
23863,5,SH
23866,5,SH
23867,5,SH
23869,5,SH
23879,4,SH
23881,5,SH
23883,5,SH
23896,5,SH
23898,5,SH
23899,5,SH
23909,4,SH
23911,5,SH
23919,5,SH
23923,5,MV
23936,4,MV
23942,5,MV
23946,5,MV
23948,5,MV
23966,3,MV
23968,5,MV
23970,5,MV
23972,5,MV
23974,5,MV
23992,5,MV
23996,5,MV
23999,5,MV
24103,2,SH
24105,2,SH
24106,2,SH
24107,5,SH
24109,2,SH
24111,2,SH
24113,5,SH
24114,2,SH
24116,2,SH
24118,2,SH
24119,4,SH
24143,2,SH
24145,2,SH
24146,2,SH
24147,2,SH
24148,2,SH
24149,2,SH
24159,2,SH
24161,4,SH
24211,4,SH
24214,5,SH
24217,5,SH
24220,4,SH
24222,4,SH
24223,4,SH
24226,4,SH
24229,5,SH
24232,5,SH
24235,5,SH
24238,5,SH
24239,5,SH
24241,5,SH
24242,5,SH
24244,5,SH
24245,5,SH
24247,5,SH
24248,4,SH
24250,5,SH
24251,5,SH
24253,5,SH
24254,5,SH
24256,5,SH
24257,5,SH
24259,5,SH
24306,4,SH
24321,5,SH
24326,5,SH
24327,5,SH
24329,5,SH
24340,3,SH
24351,5,SH
24354,5,SH
24357,5,SH
24358,5,SH
24360,5,SH
24361,5,SH
24363,5,SH
24364,5,SH
24366,5,SH
24367,5,SH
24369,5,SH
24376,4,SH
24392,5,SH
24395,5,SH
24398,5,SH
24399,5,null
24401,5,SH
24402,5,SH
24404,5,SH
24405,5,SH
24407,5,SH
24409,5,SH
24534,3,SH
24536,3,SH
24537,3,SH
24539,3,SH
24558,4,SH
24568,4,SH
24576,4,SH
24582,5,SH
24589,5,SH
24594,5,SH
24598,5,SH
24601,5,SH
24610,5,SH
24613,5,SH
24616,5,SH
24619,5,SH
24620,5,SH
24622,5,SH
24623,5,SH
24625,5,SH
24626,5,SH
24628,5,SH
24629,5,SH
24631,5,SH
24632,5,SH
24634,5,SH
24635,5,SH
24637,5,SH
24638,5,SH
24640,5,SH
24641,5,SH
24643,5,SH
24644,5,SH
24646,5,SH
24647,5,SH
24649,5,SH
24768,3,SH
24782,4,SH
24783,5,SH
24784,5,SH
24787,4,SH
24790,5,SH
24791,4,SH
24793,5,SH
24794,5,SH
24796,5,SH
24797,5,SH
24799,5,SH
24800,5,SH
24802,5,SH
24803,5,SH
24805,5,SH
24806,5,SH
24808,5,SH
24809,4,SH
24811,5,SH
24813,5,SH
24814,5,SH
24816,5,SH
24817,5,SH
24819,5,SH
24837,3,SH
24848,5,SH
24850,5,SH
24852,5,SH
24855,5,SH
24857,5,SH
24860,5,SH
24861,5,SH
24863,5,SH
24864,5,SH
24866,5,SH
24867,5,SH
24869,5,SH
24870,5,SH
24872,5,SH
24873,5,SH
24876,5,SH
24878,5,SH
24879,5,SH
24881,5,SH
24882,5,SH
24884,5,SH
24885,5,SH
24887,5,SH
24888,5,SH
24890,5,SH
24891,5,SH
24893,5,SH
24894,5,SH
24896,5,SH
24897,5,SH
24899,5,SH
24937,3,SH
24939,3,SH
24941,3,SH
24943,3,SH
24944,3,SH
24955,4,SH
24960,5,SH
24963,5,SH
24966,5,SH
24969,5,SH
24972,5,SH
24975,5,SH
24976,5,SH
24977,5,SH
24980,5,SH
24983,5,SH
24986,5,SH
24988,5,SH
24989,5,SH
24991,5,SH
24992,5,SH
24994,5,SH
24996,5,SH
24997,5,SH
24999,5,SH
25335,5,SH
25336,3,SH
25337,3,SH
25348,4,SH
25355,4,SH
25358,5,SH
25361,5,SH
25364,5,SH
25365,5,SH
25368,5,SH
25370,5,SH
25371,5,SH
25373,5,SH
25376,5,SH
25377,5,SH
25379,5,SH
25421,3,SH
25436,4,SH
25451,4,SH
25462,4,SH
25469,4,SH
25474,4,SH
25479,4,SH
25482,4,SH
25485,5,SH
25486,5,SH
25488,4,SH
25489,4,SH
25491,4,SH
25492,4,SH
25494,4,SH
25495,4,SH
25497,4,SH
25499,4,SH
25524,3,SH
25541,4,SH
25548,5,SH
25551,5,SH
25554,5,SH
25557,5,SH
25560,5,SH
25563,5,SH
25566,5,SH
25569,5,SH
25572,5,SH
25573,5,SH
25575,5,SH
25576,5,SH
25578,5,SH
25579,5,SH
25581,5,SH
25582,5,SH
25584,5,SH
25585,5,SH
25587,5,SH
25588,5,SH
25590,5,SH
25591,5,SH
25593,5,SH
25594,5,SH
25596,5,SH
25597,5,SH
25599,5,SH
25693,5,SH
25704,5,SH
25709,5,SH
25712,5,SH
25715,5,SH
25718,5,SH
25719,5,SH
25721,5,SH
25724,5,SH
25725,5,SH
25727,5,SH
25729,5,SH
25746,3,SH
25761,5,SH
25764,5,SH
25767,5,SH
25770,5,SH
25774,5,SH
25776,5,SH
25779,5,SH
25782,5,SH
25785,5,SH
25786,5,SH
25788,5,SH
25791,5,SH
25792,5,SH
25794,5,SH
25795,5,SH
25797,5,SH
25799,5,SH
25813,3,SH
25821,5,SH
25826,5,SH
25832,5,SH
25836,5,SH
25840,5,SH
25842,5,SH
25845,5,SH
25849,5,SH
25850,5,SH
25852,5,SH
25853,5,SH
25855,5,SH
25856,5,SH
25858,5,SH
25859,5,SH
25860,5,SH
25862,5,SH
25863,5,SH
25864,5,SH
25866,5,SH
25867,5,SH
25869,5,SH
25870,5,SH
25872,5,SH
25873,5,SH
25876,5,SH
25878,5,SH
25879,5,SH
25881,5,SH
25882,5,SH
25884,5,SH
25885,5,SH
25887,5,SH
25889,5,SH
25899,5,SH
25917,5,SH
25920,5,SH
25923,5,SH
25924,5,SH
25926,5,SH
25927,5,SH
25938,5,SH
25946,5,SH
25980,5,SH
25992,5,SH
25996,5,SH
25997,5,SH
25999,5,SH
26121,2,NI
26122,2,NI
26123,2,NI
26125,2,NI
26127,2,NI
26129,2,NI
26131,2,NI
26133,2,NI
26135,2,NI
26160,3,NI
26169,3,NI
26180,5,NI
26188,5,NI
26197,5,NI
26203,5,NI
26209,5,NI
26215,5,NI
26219,5,NI
2625,3,SN
2627,5,SN
26316,4,NI
2633,5,SN
26340,4,NI
26345,5,NI
26349,5,NI
26382,3,NI
26384,3,NI
26386,3,NI
26388,3,NI
26389,3,NI
26409,3,NI
26419,4,NI
26427,5,NI
26434,5,NI
26441,4,NI
26446,5,NI
26452,5,NI
26465,5,NI
26474,5,NI
26486,0,NI
26487,5,NI
26489,5,NI
26506,3,NI
26524,5,NI
26529,5,NI
26532,5,NI
26548,4,NI
26553,5,NI
26556,5,NI
26571,5,NI
26579,5,NI
26603,3,NI
26605,3,NI
26607,3,NI
26624,4,NI
26629,5,NI
26632,5,NI
26639,4,NI
26655,4,NI
26670,5,NI
26676,5,NI
26683,5,NI
26689,5,NI
26721,3,NI
26723,3,NI
26725,3,NI
26736,5,NI
26757,4,NI
26759,4,NI
26789,3,NI
26802,4,NI
2681,4,SN
26810,3,NI
26817,5,NI
26826,4,NI
26831,5,null
26835,5,NI
26842,4,NI
26844,5,NI
26845,5,NI
26847,5,NI
26849,5,NI
26871,3,NI
2689,5,SN
26892,5,NI
26897,5,NI
26899,5,NI
26901,5,NI
26903,5,NI
26904,5,NI
26906,5,NI
26907,5,NI
26909,5,NI
26919,4,NI
2692,4,SN
26931,5,NI
26935,5,NI
26936,5,NI
26937,5,NI
26939,5,NI
2694,5,SN
26954,0,null
26969,5,NI
2699,5,SN
2708,4,SN
27211,5,NI
27232,4,NI
27239,4,NI
27243,5,NI
27245,5,NI
27246,5,NI
27248,5,NI
27249,5,NI
27251,5,NI
27252,5,NI
27254,5,NI
27257,5,NI
27259,5,NI
2727,4,SN
27283,4,NI
27299,4,NI
2730,4,SN
27305,5,NI
27308,5,NI
27313,5,NI
27318,5,NI
27321,5,NI
27324,5,NI
27327,5,NI
2733,4,SN
27330,5,NI
27333,5,NI
27336,5,NI
27337,5,NI
27339,5,NI
27356,3,NI
2736,4,SN
27367,5,NI
27374,5,NI
27383,5,NI
27386,5,NI
27389,5,NI
2739,4,SN
27404,5,NI
27412,5,NI
27419,5,NI
2742,4,SN
27432,5,NI
27442,5,NI
27446,5,NI
27449,5,NI
2747,4,SN
27472,3,NI
27474,3,NI
27476,3,NI
27478,3,NI
2748,5,SN
27498,5,SH
27499,1,NI
27568,1,NI
27570,2,NI
27572,2,NI
27574,2,NI
27576,2,NI
27578,2,NI
27580,2,NI
27607,4,NI
27612,5,NI
27616,5,NI
27619,5,NI
27624,4,NI
27628,5,NI
2763,3,SN
27639,5,NI
27711,3,NI
27721,4,NI
27726,5,NI
27729,5,NI
27749,3,NI
27751,3,NI
27753,3,NI
27755,3,NI
27777,4,NI
2779,4,SN
27793,4,NI
27798,5,NI
27801,5,NI
27804,5,NI
27809,4,NI
2782,4,SN
2785,5,SN
2788,3,SN
2791,4,SN
2794,4,SN
2796,5,SN
2797,5,SN
2799,4,SN
28195,1,HB
28197,1,HB
28199,1,HB
28201,1,HB
28203,1,HB
28205,1,HB
28207,1,HB
28209,1,HB
28211,1,HB
28213,1,HB
28215,1,HB
28217,1,HB
28219,1,HB
28237,1,HB
28239,1,HB
28259,1,HB
2826,3,SN
2827,3,SN
28277,1,HB
28279,1,HB
2828,3,SN
2829,5,SN
28307,1,HB
28309,1,HB
28325,1,HB
28327,1,HB
28329,1,HB
28355,1,HB
28357,1,HB
28359,1,HB
28717,1,HB
28719,1,HB
28755,4,HB
28757,1,HB
28759,1,HB
28777,1,HB
28779,1,HB
28790,4,NI
28816,3,NI
28832,3,NI
28844,4,NI
28857,4,NI
28865,4,NI
28870,5,NI
28876,4,NI
28879,5,NI
2894,5,SN
2899,5,SN
2906,5,SN
29221,3,NI
29223,3,NI
29225,3,NI
29227,3,NI
29229,3,NI
2923,5,SN
2929,5,SN
29303,5,NI
29308,4,NI
29313,4,NI
29320,4,NI
29323,4,NI
29328,5,NI
29331,5,NI
29336,4,NI
29339,4,NI
29342,5,NI
29345,4,NI
29348,5,NI
29351,5,NI
29352,4,NI
29353,5,NI
29355,5,NI
29356,5,NI
29358,5,NI
29359,5,NI
29361,5,NI
29362,5,NI
29364,5,NI
29365,5,NI
29367,5,NI
29369,5,NI
29378,5,NI
29379,5,NI
29386,5,NI
29389,5,NI
29392,5,NI
29393,5,NI
29394,5,NI
29396,5,NI
29399,5,NI
29410,3,ST
29413,5,ST
29416,5,ST
2943,4,SN
29439,5,NI
29451,5,NI
29456,5,NI
29459,5,NI
29462,5,NI
29465,5,NI
29468,5,NI
29471,5,NI
29472,5,NI
29473,5,NI
29475,5,NI
29476,5,NI
29478,5,NI
29479,5,NI
29481,5,NI
29482,5,NI
29484,5,NI
29485,5,NI
29487,5,NI
29488,5,NI
29490,5,NI
29491,5,NI
29493,5,NI
29494,5,NI
29496,5,NI
29497,5,NI
29499,5,NI
29525,3,NI
2953,4,SN
29549,5,NI
29553,5,NI
29556,5,NI
29559,5,NI
2956,5,SN
29562,5,NI
29565,5,NI
2957,4,SN
29571,5,NI
29574,5,NI
29575,5,NI
29576,5,NI
29578,5,NI
29579,5,NI
29581,5,NI
29582,5,NI
29584,5,NI
29585,5,NI
29587,5,NI
29588,5,NI
2959,5,SN
29590,5,NI
29591,5,NI
29593,5,NI
29594,5,NI
29597,5,NI
29599,5,NI
29614,3,NI
29633,4,NI
29640,4,NI
29643,5,NI
29646,5,NI
29649,5,NI
29664,0,NI
29683,5,NI
29690,5,NI
29693,5,NI
29699,0,NI
2977,3,SN
2979,5,SN
2991,4,SN
2994,4,SN
2997,5,SN
2999,5,SN
30159,1,NI
30161,1,NI
30163,1,NI
30165,1,NI
30167,1,NI
30169,1,NI
30171,1,NI
30173,1,NI
30175,1,NI
30177,1,NI
30179,1,NI
30419,1,NI
3042,2,BB
3044,2,BB
30449,1,NI
30451,1,NI
30453,1,NI
30455,1,NI
30457,1,NI
30459,1,NI
3046,2,BB
3048,2,BB
3050,2,BB
3051,2,BB
30519,1,NI
3052,2,BB
30521,1,NI
3053,2,BB
30539,1,NI
3054,2,BB
3055,2,BB
30559,1,NI
3058,5,BB
30625,1,NI
30627,1,NI
30629,1,NI
30655,1,NI
30657,1,NI
30659,1,NI
30669,3,NI
30823,3,NI
30826,3,NI
30827,3,NI
30851,3,NI
30853,3,NI
30855,3,NI
30880,3,NI
30890,3,NI
30900,4,NI
30916,4,NI
30926,4,NI
30938,4,NI
30952,4,NI
3096,5,BB
30966,4,NI
30974,5,NI
30982,5,NI
30989,4,NI
3099,5,BB
31008,4,NI
31020,5,NI
31028,5,NI
3103,5,BB
31036,5,NI
31061,4,NI
31073,5,NI
31079,5,NI
31084,5,NI
31089,5,NI
31134,2,NI
31135,2,NI
31137,2,NI
31139,2,NI
31141,2,NI
31157,4,NI
3116,5,BB
31162,4,NI
31167,4,NI
31171,4,NI
31174,5,NI
31177,5,NI
31180,4,NI
31185,5,NI
31188,5,NI
3119,5,BB
31191,5,NI
31195,5,NI
31199,5,NI
31224,3,NI
31226,3,NI
31228,3,NI
31234,5,NI
31241,4,NI
31246,4,NI
31249,5,NI
31275,3,NI
3130,4,BB
31303,3,NI
31311,5,NI
31319,4,NI
3149,4,BB
31515,3,NI
31535,3,NI
31542,4,NI
31547,5,NI
31552,5,NI
31553,5,NI
31555,4,NI
31556,5,NI
31558,5,NI
31559,4,NI
31582,3,NI
3159,5,BB
31592,5,NI
31595,5,NI
31600,5,NI
31603,5,NI
31604,5,NI
31606,5,NI
31608,5,NI
31609,5,NI
31613,5,NI
31618,5,NI
31619,5,NI
31621,5,NI
31622,5,NI
31623,5,NI
31626,5,NI
31627,5,NI
31628,5,NI
31629,5,NI
31632,5,NI
31633,5,NI
31634,5,NI
31636,5,NI
31637,5,NI
31638,5,NI
31655,4,NI
31675,4,NI
31683,4,NI
31688,4,NI
31691,4,NI
31693,4,NI
31698,5,NI
31699,5,NI
31700,5,NI
31702,5,NI
31707,4,NI
31708,4,NI
31710,4,NI
31711,4,NI
31712,5,NI
31714,5,NI
31715,5,NI
31717,5,NI
31718,5,NI
31719,5,NI
3172,5,BB
31737,3,NI
31749,5,NI
31785,3,NI
31787,3,NI
31789,3,NI
31812,4,NI
31832,4,NI
31840,5,NI
31848,5,NI
3185,5,BB
31855,5,NI
31860,5,NI
31863,5,NI
31867,5,NI
31868,5,NI
3197,5,BB
32049,3,NW
3205,4,BB
32051,3,NW
32052,3,NW
32105,3,NW
32107,3,NW
32108,3,NW
32120,4,NW
32130,4,NW
32139,4,NW
3222,3,BB
32257,3,NW
3226,5,BB
32278,4,NW
32289,5,NW
3229,5,BB
32312,3,NW
32339,3,NW
32351,5,NW
32361,4,NW
32369,5,NW
3238,4,BB
32423,3,NW
32425,3,NW
32427,3,NW
32429,3,NW
32457,3,NW
3246,5,BB
32469,3,NW
32479,5,NW
3249,5,BB
3253,5,BB
32545,3,NW
32547,3,NW
32549,3,NW
32584,3,NW
32602,4,NW
32609,4,NW
32657,3,NW
32676,5,NW
32683,5,NW
32689,5,NW
32694,5,NW
32699,5,NW
32756,3,NW
32758,3,NW
32760,3,NW
32791,3,NW
32805,4,NW
32816,5,NW
32825,5,NW
32832,4,NW
32839,4,NW
33014,5,NW
33034,5,NW
33039,5,NW
33098,2,NW
33100,2,NW
33102,2,NW
33104,2,NW
33106,2,NW
33129,3,NW
33142,4,NW
33154,4,NW
33161,4,NW
33165,5,NW
33175,4,NW
33178,4,NW
33181,5,NW
33184,4,NW
33189,4,NW
33330,3,NW
33332,3,NW
33333,3,NW
33334,3,NW
33335,3,NW
33378,3,NW
33397,3,NW
33415,4,NW
33428,3,NW
33442,4,NW
33449,4,NW
33602,2,NW
33604,2,NW
33605,2,NW
33607,2,NW
33609,2,NW
33611,2,NW
33613,2,NW
33615,2,NW
33617,2,NW
33619,2,NW
33647,2,NW
33649,2,NW
33659,2,NW
33689,2,NW
33699,2,NW
33719,2,NW
33729,2,NW
33739,2,NW
33758,4,NW
33775,4,NW
33790,4,NW
33803,4,NW
33813,4,NW
33818,4,NW
33824,4,NW
33829,4,NW
34117,2,HE
34119,2,HE
34121,2,HE
34123,2,HE
34125,2,HE
34127,2,HE
34128,2,HE
34130,2,HE
34131,2,HE
34132,2,HE
34134,2,HE
34212,4,HE
34225,3,HE
34233,4,HE
34246,4,HE
34253,4,HE
34260,4,HE
34266,4,HE
34270,4,HE
34277,4,HE
34281,4,HE
34286,5,HE
34289,5,HE
34292,4,HE
34295,5,HE
34298,5,HE
34302,4,HE
34305,5,HE
34308,5,HE
34311,5,HE
34314,5,HE
34317,5,HE
34320,5,HE
34323,5,HE
34326,5,HE
34327,5,HE
34329,5,HE
34346,3,NI
34355,5,NI
34359,4,HE
34369,5,HE
34376,5,HE
34379,5,HE
34385,5,HE
34388,5,HE
34393,5,HE
34396,5,HE
34399,0,HE
34414,3,NW
34431,5,NW
34434,5,NW
34439,5,NW
34454,4,HE
34466,5,HE
34471,5,HE
34474,5,HE
34477,5,HE
34479,5,HE
34497,3,HE
34508,5,HE
34513,5,HE
34516,5,HE
34519,5,HE
34537,4,HE
34549,5,HE
34560,4,HE
34576,4,HE
34582,4,HE
34587,4,HE
34590,5,HE
34593,5,HE
34596,5,HE
34599,5,HE
34613,3,HE
34621,5,HE
34626,5,HE
34628,5,HE
34630,5,HE
34632,5,HE
34633,5,HE
34637,5,HE
34639,5,HE
35037,3,HE
35039,3,HE
35041,3,HE
35043,3,HE
35066,5,HE
35075,4,HE
35080,4,HE
35083,5,HE
35085,5,HE
35088,5,HE
35091,5,HE
35094,5,HE
35096,4,HE
35099,5,HE
35102,5,HE
35104,5,HE
35108,4,HE
35110,5,HE
35112,5,HE
35114,5,HE
35116,5,HE
35117,5,HE
35119,5,HE
35216,5,HE
35232,5,HE
35236,5,HE
35239,5,HE
35260,3,HE
35274,4,HE
35279,5,HE
35282,5,HE
35285,5,HE
35287,5,HE
35288,5,HE
35305,5,HE
35315,5,HE
35321,5,HE
35325,5,HE
35327,5,HE
35329,5,HE
35390,3,HE
35392,3,HE
35394,3,HE
35396,3,HE
35398,3,HE
35410,4,HE
35415,4,HE
35418,4,HE
35423,4,HE
35428,5,HE
35435,4,HE
35440,4,HE
35444,4,HE
35447,5,HE
35452,4,HE
35457,4,HE
35460,4,HE
35463,5,HE
35466,5,HE
35469,4,HE
35510,3,HE
35516,5,HE
35519,4,HE
35576,3,HE
35578,3,HE
35579,3,HE
35580,3,HE
35581,3,HE
35582,3,HE
35583,3,HE
35584,3,HE
35585,3,HE
35586,3,HE
35606,4,HE
35614,4,HE
35619,5,HE
35625,5,HE
35630,4,HE
35633,4,HE
35638,5,HE
35641,5,HE
35644,5,HE
35647,5,HE
35649,5,HE
35683,4,HE
35684,4,HE
35685,4,HE
35686,4,HE
35687,4,HE
35688,4,HE
35689,4,HE
35690,4,HE
35708,4,HE
35713,4,HE
35716,4,HE
35719,5,HE
35745,4,HE
35753,5,HE
35756,4,HE
35759,5,HE
35764,4,HE
35767,5,HE
35768,5,HE
35781,4,HE
35789,5,HE
35792,5,HE
35794,5,HE
35796,5,HE
35799,5,HE
36037,3,HE
36039,3,HE
36041,3,HE
36043,3,HE
36088,4,HE
36093,4,HE
36100,4,HE
36103,4,HE
36110,4,HE
36115,5,HE
36119,4,HE
36124,5,HE
36129,5,HE
36132,5,HE
36137,5,HE
36142,5,HE
36145,5,HE
36148,5,HE
36151,5,HE
36154,5,HE
36157,5,HE
36160,5,HE
36163,5,HE
36166,5,HE
36167,5,HE
36169,5,HE
36179,4,HE
36199,4,HE
36205,5,HE
36208,5,HE
36211,5,HE
36214,5,HE
36217,5,HE
36219,5,HE
36251,3,HE
36266,5,HE
36269,5,HE
36272,5,HE
36275,5,HE
36277,5,HE
36280,5,HE
36282,4,HE
36284,5,HE
36286,5,HE
36287,5,HE
36289,5,HE
36304,5,HE
36318,5,HE
36320,5,HE
36323,5,HE
36325,5,HE
36326,5,HE
36329,5,HE
36341,4,HE
36355,5,HE
36358,5,HE
36364,5,HE
36367,5,HE
36369,5,HE
36381,4,HE
36391,5,HE
36396,5,HE
36399,5,HE
36404,5,TH
36414,5,TH
36419,5,TH
36433,4,TH
36448,4,TH
36452,0,TH
36456,5,TH
36457,0,TH
36460,5,TH
36466,0,TH
36469,4,TH
37073,2,NI
37075,2,NI
37077,2,NI
37079,2,NI
37081,2,NI
37083,2,NI
37085,2,NI
37115,4,NI
37120,5,NI
37124,4,NI
37127,5,NI
37130,5,NI
37133,5,NI
37136,5,NI
37139,5,NI
37154,3,NI
37170,5,HE
37176,5,NI
37181,5,NI
37186,5,NI
37191,5,NI
37194,5,NI
37197,5,NI
37199,5,NI
37213,5,HE
37214,5,HE
37215,5,HE
37216,5,HE
37217,5,HE
37218,5,HE
37235,4,HE
37242,4,HE
37247,5,HE
37249,5,HE
37269,3,HE
37276,5,HE
37281,5,HE
37284,5,HE
37287,5,HE
37290,5,HE
37293,5,HE
37296,5,HE
37297,5,HE
37299,5,HE
37308,3,TH
37318,5,TH
37327,5,TH
37339,5,TH
37345,5,TH
37351,0,TH
37355,0,TH
37359,5,TH
37412,5,NI
37431,5,NI
37434,5,NI
37441,4,NI
37444,5,NI
37445,5,NI
37520,3,NI
37539,5,NI
37574,3,NI
37581,4,NI
37586,5,NI
37589,5,NI
37603,5,NI
37619,5,NI
37620,5,NI
37627,5,NI
37632,5,NI
37633,5,NI
37635,5,NI
37639,5,NI
37640,5,NI
37642,5,NI
37643,5,NI
37647,5,NI
37649,5,NI
37671,3,NW
37688,5,NW
37691,5,NI
37696,5,NW
37697,5,NI
37699,5,NI
38100,2,NI
38102,2,NI
38104,2,NI
38106,2,NI
38108,2,NI
38110,2,NI
38112,2,NI
38114,2,NI
38116,2,NI
38118,2,NI
38120,2,NI
38122,2,NI
38124,2,NI
38126,2,NI
38154,5,NI
38159,5,NI
38162,5,NI
38165,5,NI
38170,5,NI
38173,5,NI
38176,5,NI
38179,5,NI
38226,2,NI
38228,2,NI
38229,2,NI
38239,2,NI
38259,2,NI
38268,4,NI
38271,5,NI
38272,5,NI
38274,5,NI
38275,5,NI
38277,5,NI
38279,5,NI
38300,3,NI
38302,3,NI
38304,3,NI
38312,5,NI
38315,5,NI
38319,5,NI
38321,5,NI
38322,5,NI
38324,5,NI
38325,5,NI
38327,5,NI
38329,5,NI
38350,4,NI
38364,4,NI
38368,5,NI
38372,4,NI
38373,5,NI
38375,5,NI
38376,5,NI
38378,5,NI
38379,5,NI
38381,5,NI
38382,5,NI
38384,5,NI
38387,5,NI
38440,2,NI
38442,2,NI
38444,2,NI
38446,2,NI
38448,2,NI
38458,5,NI
38459,5,NI
38461,5,NI
38462,5,NI
38464,5,NI
38465,5,NI
38467,5,NI
38468,5,NI
38470,5,NI
38471,5,NI
38473,5,NI
38474,5,NI
38476,5,NI
38477,5,NI
38479,5,NI
38486,5,ST
38489,5,ST
38518,3,NI
38524,5,NI
38527,5,NI
38528,5,NI
38530,5,NI
38531,5,NI
38533,5,NI
38536,5,NI
38539,5,NI
38542,5,NI
38543,5,NI
38547,4,NI
38550,4,NI
38551,4,NI
38553,4,NI
38554,5,NI
38556,5,NI
38557,5,NI
38559,5,NI
38640,3,NI
38642,3,NI
38644,5,NI
38667,4,NI
38678,4,NI
38685,5,NI
38690,3,NI
38700,5,NI
38704,5,NI
38707,5,NI
38709,4,NI
38723,5,NI
38729,5,NI
38820,3,ST
38822,3,ST
38828,5,ST
38829,5,ST
38835,5,ST
38836,5,ST
38838,5,ST
38855,3,ST
38871,4,ST
38875,5,ST
38877,5,ST
38879,3,ST
38889,3,ST
38895,3,ST
38899,5,ST
39104,2,ST
39106,2,ST
39108,2,ST
39110,2,ST
39112,2,ST
39114,3,ST
39116,2,ST
39118,2,ST
39120,2,ST
39122,2,ST
39124,2,ST
39126,2,ST
39128,2,ST
39130,2,ST
39164,5,ST
39167,5,ST
39171,5,ST
39175,2,ST
39179,5,ST
39217,3,ST
39218,3,ST
39221,5,ST
39240,5,ST
39245,5,ST
39249,5,ST
39261,3,ST
39264,3,ST
39279,5,ST
39288,4,ST
39291,5,ST
39307,4,ST
39317,5,ST
39319,5,ST
39326,4,ST
39340,4,ST
39343,5,ST
39345,4,ST
39356,5,ST
39359,5,ST
39365,5,ST
39387,5,ST
39393,5,ST
39397,5,ST
39418,3,ST
39435,5,ST
39439,5,ST
39443,3,ST
39444,5,ST
39446,3,ST
39448,5,ST
39517,5,ST
39524,5,ST
39539,5,ST
39576,3,ST
39579,5,ST
39590,4,ST
39596,5,ST
39606,5,ST
39615,4,ST
39619,5,ST
39624,5,ST
39628,5,ST
39629,5,ST
39638,3,ST
39646,5,ST
39649,3,ST
40210,1,NW
40211,1,NW
40212,1,NW
40213,1,NW
40215,1,NW
40217,1,NW
40219,1,NW
40221,1,NW
40223,1,NW
40225,1,NW
40227,1,NW
40229,1,NW
40231,1,NW
40233,1,NW
40235,1,NW
40237,1,NW
40239,1,NW
40468,1,NW
40470,1,NW
40472,1,NW
40474,1,NW
40476,1,NW
40477,1,NW
40479,1,NW
40489,1,NW
40545,1,NW
40547,1,NW
40549,1,NW
40589,1,NW
40591,1,NW
40593,1,NW
40595,1,NW
40597,1,NW
40599,1,NW
40625,1,NW
40627,1,NW
40629,1,NW
40667,3,NW
40668,3,NW
40670,3,NW
40699,3,NW
40721,3,NW
40723,3,NW
40724,3,NW
40764,3,NW
40789,3,NW
40822,3,NW
40878,3,NW
40880,3,NW
40882,3,NW
40883,3,NW
40885,3,NW
4103,1,SN
4105,1,SN
41061,2,NW
41063,2,NW
41065,2,NW
41066,2,NW
41068,2,NW
41069,2,NW
4107,1,SN
4109,1,SN
41169,2,NW
41179,2,NW
41189,2,NW
41199,2,NW
41236,2,NW
41238,2,NW
41239,2,NW
4129,1,SN
41334,3,NW
41352,3,NW
41363,4,NW
41366,4,NW
41372,4,NW
41379,4,NW
41460,2,NW
41462,2,NW
41464,2,NW
41466,2,NW
41468,2,NW
41469,2,NW
41470,2,NW
41472,2,NW
41515,3,NW
41516,3,NW
41517,3,NW
41539,3,NW
41540,3,NW
41541,3,NW
41542,3,NW
4155,1,SN
41564,3,NW
41569,4,NW
4157,1,SN
4158,1,SN
4159,1,SN
41747,3,NW
41748,3,NW
41749,3,NW
41751,3,NW
4177,1,SN
4178,1,SN
4179,1,SN
41812,3,NW
41836,3,NW
41844,4,NW
41849,4,NW
4205,1,SN
4207,1,SN
4209,1,SN
42103,2,NW
42105,2,NW
42107,2,NW
42109,2,NW
42111,2,NW
42113,2,NW
42115,2,NW
42117,2,NW
42119,2,NW
42275,2,NW
42277,2,NW
42279,2,NW
42281,2,NW
42283,2,NW
42285,2,NW
42287,2,NW
42289,2,NW
4229,1,SN
42327,2,NW
42329,2,NW
42349,2,NW
42369,2,NW
42389,2,NW
42399,2,NW
42477,4,NW
42489,4,NW
4249,1,SN
42499,4,NW
42549,3,NW
42551,3,NW
42553,3,NW
42555,3,NW
42579,4,NW
42651,2,NW
42653,2,NW
42655,2,NW
42657,2,NW
42659,2,NW
42697,2,NW
42699,2,NW
42719,2,NW
4275,1,SN
4277,1,SN
42781,3,NW
4279,1,SN
42799,4,NW
42853,2,NW
42855,2,NW
42857,2,NW
42859,2,NW
4288,1,SN
4289,1,SN
42897,2,NW
42899,2,NW
42929,3,NW
4299,1,SN
4315,1,SN
4316,1,SN
4317,1,SN
4318,1,SN
4319,1,SN
4328,1,SN
4329,1,SN
4347,1,SN
4349,1,SN
4356,1,SN
4357,1,SN
44135,1,NW
44137,1,NW
44139,1,NW
44141,1,NW
44143,1,NW
44145,1,NW
44147,1,NW
44149,1,NW
4416,4,SN
4420,4,SN
44225,1,NW
44227,1,NW
44229,1,NW
4425,4,SN
44263,1,NW
44265,1,NW
44267,1,NW
44269,1,NW
44287,1,NW
44289,1,NW
44309,1,NW
44319,1,NW
44328,1,NW
44329,1,NW
44339,1,NW
4435,4,ST
44357,1,NW
44359,1,NW
44369,1,NW
44379,1,NW
44388,1,NW
4442,4,SN
4451,4,SN
44532,3,NW
44534,3,NW
44536,3,NW
44575,3,NW
44577,3,NW
44579,3,NW
44581,3,NW
44623,2,NW
44625,2,NW
44627,2,NW
44628,2,NW
44629,2,NW
4463,5,SN
44649,2,NW
44651,2,NW
44652,2,NW
44653,2,NW
44787,2,NW
44789,2,NW
44791,2,NW
44793,2,NW
44795,2,NW
44797,2,NW
44799,2,NW
44801,2,NW
44803,2,NW
44805,2,NW
44807,2,NW
44809,2,NW
44866,2,NW
44867,2,NW
44869,2,NW
44879,2,NW
44892,2,NW
44894,2,NW
4509,4,SN
45127,1,NW
45128,1,NW
45130,1,NW
45131,1,NW
45133,1,NW
45134,1,NW
45136,1,NW
45138,1,NW
45139,1,NW
45141,1,NW
45143,1,NW
45144,1,NW
45145,1,NW
45147,1,NW
45149,1,NW
4519,5,SN
45219,1,NW
4523,4,SN
45239,1,NW
45257,1,NW
45259,1,NW
45276,1,NW
45277,1,NW
45279,1,NW
45289,1,NW
45307,1,NW
45309,1,NW
45326,1,NW
45327,1,NW
45329,1,NW
45355,1,NW
45356,1,NW
45357,1,NW
45359,1,NW
4539,5,SN
45468,2,NW
45470,2,NW
45472,2,NW
45473,2,NW
45475,2,NW
45476,2,NW
45478,2,NW
45479,2,NW
45481,2,NW
4552,4,SN
45525,3,NW
45527,3,NW
45529,3,NW
45549,4,NW
4564,4,SN
4565,5,SN
45657,2,NW
45659,2,NW
45661,2,NW
45663,2,NW
45665,2,NW
4567,4,SN
45699,3,NW
45701,3,NW
4571,4,SN
45711,3,NW
45721,3,NW
45731,4,NW
45739,3,NW
4575,5,SN
45768,3,NW
45770,3,NW
45772,3,NW
45879,2,NW
45881,2,NW
45883,2,NW
45884,2,NW
45886,2,NW
45888,2,NW
45889,2,NW
45891,2,NW
45892,2,NW
45894,2,NW
45896,2,NW
45897,2,NW
45899,2,NW
45964,3,NW
45966,3,NW
45968,3,NW
4600,3,TH
4603,5,TH
46045,2,NW
46047,2,NW
46049,2,NW
4610,4,TH
46117,2,NW
46119,2,NW
4613,4,TH
46145,2,NW
46147,2,NW
46149,2,NW
4617,5,TH
4618,5,TH
46236,2,NW
46238,2,NW
46240,2,NW
46242,2,NW
46244,2,NW
4626,0,TH
46282,3,NW
46284,3,NW
46286,3,NW
46325,3,NW
46342,5,NW
46348,4,NW
46354,5,NW
46359,4,NW
4639,5,TH
46395,3,NW
46397,3,NW
46399,3,NW
46414,4,NW
46419,5,NW
4643,5,SN
46446,3,NW
46459,4,NW
46483,3,NW
46485,3,NW
46487,3,NW
46499,3,NW
46509,4,NW
4651,5,SN
46514,5,NW
46519,5,NW
46535,3,NW
46537,3,NW
46539,3,NW
4654,5,SN
46562,3,NW
46569,5,NW
4668,4,SN
4680,4,SN
4683,5,SN
4687,5,SN
4703,4,SN
47051,1,NW
47053,1,NW
47055,1,NW
47057,1,NW
47058,1,NW
47059,1,NW
47119,1,NW
47137,1,NW
47138,1,NW
47139,1,NW
47166,1,NW
47167,1,NW
47169,1,NW
47178,1,NW
47179,1,NW
47198,1,NW
47199,1,NW
4720,3,SN
47226,1,NW
47228,1,NW
47229,1,NW
47239,1,NW
47249,1,NW
47259,1,NW
47269,1,NW
47279,1,NW
4736,5,SN
4741,5,SN
47441,2,NW
47443,2,NW
47445,2,NW
47447,2,NW
4746,5,SN
47475,3,NW
4749,5,SN
47495,3,NW
47506,4,NW
47509,5,NW
47533,3,NW
47546,5,NW
47551,4,NW
47559,5,NW
47574,3,NW
4758,5,SN
47589,4,NW
47608,3,NW
47623,3,NW
47624,3,NW
47625,3,NW
47626,3,NW
47627,3,NW
47638,4,NW
47647,4,NW
47652,5,NW
47661,5,NW
47665,4,NW
47669,4,NW
4769,5,SN
4774,5,SN
4779,5,SN
47798,2,NW
47799,2,NW
47800,2,NW
47802,2,NW
47803,2,NW
47804,2,NW
47805,2,NW
47807,2,NW
47809,2,NW
47829,2,NW
47839,2,NW
47877,3,NW
47906,3,NW
47918,4,NW
47929,4,NW
4808,4,SN
48143,2,NW
48145,2,NW
48147,2,NW
48149,2,NW
48151,2,NW
48153,2,NW
48155,2,NW
48157,2,NW
48159,2,NW
48161,2,NW
48163,2,NW
48165,2,NW
48167,2,NW
4821,4,SN
48231,3,NW
4824,4,SN
48249,3,NW
48268,3,NW
4827,5,SN
4828,4,SN
48282,3,NW
48291,4,NW
48301,5,NW
48308,4,NW
48317,5,NW
48324,4,NW
48329,4,NW
48336,4,NW
48341,4,NW
48346,4,NW
48351,4,NW
48356,4,NW
48361,5,NW
48366,5,NW
48369,5,NW
4838,5,SN
48429,3,NW
48431,3,NW
48432,3,NW
48455,4,NI
48465,5,NI
48477,5,NW
48480,5,NI
48485,4,NW
48488,5,NI
4849,5,SN
48493,5,NW
48496,5,NW
48499,4,NI
48527,3,NI
48529,3,NI
48531,3,NI
48565,3,NW
48599,3,NW
4860,3,SN
48607,4,NW
4861,3,SN
48612,5,NW
48619,4,NW
4862,5,SN
48624,5,NW
48629,5,NW
48653,3,NW
48683,3,NW
48691,4,NW
48703,4,NW
48712,4,NW
48720,5,NW
48727,4,NW
48734,4,NW
48739,5,NW
4874,4,SN
4880,5,SN
4886,5,SN
4889,4,SN
4895,0,BB
49074,2,NI
49076,2,NI
49078,2,NI
49080,2,NI
49082,2,NI
49084,2,NI
49086,2,NI
49088,2,NI
49090,2,NI
4910,4,BB
49124,3,NI
49134,4,NI
49143,5,NI
49152,4,NI
4916,4,BB
49163,5,NI
49170,4,NI
49176,4,NI
49179,5,NI
49186,4,NI
49191,4,NI
49196,4,NI
49201,4,NI
49205,4,NI
49214,4,NI
49219,5,NI
4924,0,BB
4928,5,BB
4931,0,BB
4932,5,BB
49324,3,NI
49326,3,NI
49328,3,NI
4934,5,BB
49356,4,NI
4936,5,BB
49377,3,NI
4938,0,BB
49393,3,NI
49401,5,NI
49406,5,NI
49413,4,NI
49419,5,NI
49424,5,NI
49429,5,NI
49434,5,NI
49439,4,NI
49448,5,NI
49451,5,NI
49453,5,NI
49456,5,NI
49457,5,NI
49459,5,NI
49477,3,NW
49479,3,NW
49492,5,NW
49497,4,NW
49504,4,NW
49509,4,NW
49525,4,NW
49536,5,NW
49545,5,NW
49549,5,NW
49565,3,NI
49577,5,NI
49584,5,NI
49586,5,NI
49593,5,NI
49594,5,NI
49596,5,NI
49597,5,NI
49599,5,NI
49610,5,NI
49624,4,NI
49626,5,NI
49632,5,NI
49635,5,NI
49637,5,NI
49638,5,NI
49661,3,NI
49681,4,NI
49685,5,NI
49688,5,NI
49692,5,NI
49696,5,NI
49699,5,NI
49716,3,NI
49733,3,NI
49740,4,NI
49744,5,NI
49751,5,NI
49757,5,NI
49762,5,NI
49767,5,NI
49770,5,NI
49774,5,NI
49777,5,NI
49779,5,NI
49808,3,NI
49809,3,NI
49811,3,NI
49824,5,NI
49828,5,NI
49832,5,NI
49835,5,NI
49838,5,NI
49843,5,NI
49844,5,NI
49846,5,NI
49847,5,NI
49849,5,NI
50126,3,NW
50127,3,NW
50129,3,NW
50169,3,NW
50170,3,NW
50171,3,NW
50181,4,NW
50189,4,NW
50226,3,NW
50259,3,NW
50321,3,NW
50354,3,NW
50374,3,NW
50389,3,NW
50667,1,NW
50668,1,NW
50670,1,NW
50672,1,NW
50674,1,NW
50676,1,NW
50677,1,NW
50678,1,NW
50679,1,NW
50733,1,NW
50735,1,NW
50737,1,NW
50739,1,NW
50765,1,NW
50767,1,NW
50769,1,NW
50823,1,NW
50825,1,NW
50827,1,NW
50829,1,NW
50858,1,NW
50859,1,NW
50931,1,NW
50933,1,NW
50935,1,NW
50937,1,NW
50939,1,NW
50968,1,NW
50969,1,NW
50996,1,NW
50997,1,NW
50999,1,NW
51061,1,NW
51063,1,NW
51065,1,NW
51067,1,NW
51069,1,NW
51103,1,NW
51105,1,NW
51107,1,NW
51109,1,NW
51143,1,NW
51145,1,NW
51147,1,NW
51149,1,NW
51371,2,NW
51373,2,NW
51375,2,NW
51377,2,NW
51379,2,NW
51381,2,NW
51399,4,NW
51427,2,NW
51429,2,NW
51465,2,NW
51467,2,NW
51469,2,NW
51491,4,NW
51503,4,NW
51515,5,NW
51519,4,NW
51545,4,NW
51570,4,NW
51580,5,NW
51588,4,NW
51597,4,NW
51598,4,RP
51643,3,NW
51645,3,NW
51647,3,NW
51674,3,NW
51688,4,NW
51702,4,NW
51709,4,NW
51766,4,NW
51789,5,NW
52062,2,NW
52064,2,NW
52066,2,NW
52068,2,NW
52070,2,NW
52072,2,NW
52074,2,NW
52076,2,NW
52078,2,NW
52080,2,NW
52134,3,NW
52146,3,NW
52152,5,NW
52156,0,null
52159,4,NW
52222,3,NW
52223,3,NW
52224,3,NW
52249,3,NW
52349,3,NW
52351,3,NW
52353,3,NW
52355,3,NW
52372,4,NW
52379,4,NW
52382,4,NW
52385,5,NW
52388,5,NW
52391,5,NW
52393,5,NW
52396,5,NW
52399,4,NW
52428,3,NW
52441,4,NW
52445,5,NW
52457,5,NW
52459,4,NW
52477,3,NW
52499,3,NW
52511,3,NW
52525,3,NW
52531,4,NW
52538,5,NW
53111,2,NW
53113,2,NW
53115,2,NW
53117,2,NW
53119,2,NW
53121,2,NW
53123,2,NW
53125,2,NW
53127,2,NW
53129,2,NW
53173,2,NW
53175,2,NW
53177,2,NW
53179,2,NW
53225,2,NW
53227,2,NW
53229,2,NW
53332,3,NW
53340,4,NW
53343,5,NW
53347,4,NW
53359,4,NW
53424,4,RP
53426,5,RP
53474,4,RP
53489,4,RP
53498,5,RP
53501,5,RP
53505,5,RP
53506,5,RP
53507,5,RP
53508,5,RP
53518,5,RP
53520,5,RP
53533,5,RP
53534,5,RP
53539,5,RP
53545,4,RP
53547,5,RP
53557,4,RP
53560,4,RP
53562,4,RP
53567,5,RP
53572,4,RP
53577,5,RP
53578,5,RP
53579,4,RP
53604,4,NW
53619,4,RP
53639,3,NW
53721,3,NW
53757,3,NW
53773,3,NW
53783,4,NW
53797,3,NW
53804,5,NW
53809,5,NW
53819,4,NW
53840,3,NW
53842,3,NW
53844,3,NW
53859,3,NW
53879,3,NW
53881,3,NW
53894,3,NW
53902,4,NW
53909,4,NW
53913,5,NW
53919,5,NW
53925,4,NW
53937,5,NW
53940,5,NW
53945,5,NW
53947,5,NW
53949,5,NW
54290,2,RP
54292,2,RP
54293,2,RP
54294,2,RP
54295,2,RP
54296,2,RP
54298,5,RP
54306,5,RP
54308,5,RP
54309,5,RP
54310,5,RP
54311,5,RP
54313,5,RP
54314,0,RP
54316,5,RP
54317,5,RP
54318,5,RP
54320,5,RP
54329,4,RP
54331,4,RP
54332,4,RP
54338,5,RP
54340,5,RP
54341,5,RP
54343,5,RP
54344,5,RP
54346,5,RP
54347,5,RP
54349,5,RP
54411,5,RP
54413,5,RP
54421,5,RP
54422,5,RP
54424,5,RP
54426,5,RP
54427,0,RP
54429,0,RP
54439,0,RP
54441,0,RP
54450,0,RP
54451,0,RP
54453,4,RP
54455,0,RP
54456,4,RP
54457,0,RP
54459,4,RP
54470,5,RP
54472,5,RP
54483,5,RP
54484,5,RP
54486,5,RP
54487,5,RP
54492,5,RP
54497,5,RP
54498,5,RP
54516,3,RP
54518,5,RP
54523,5,RP
54524,5,RP
54526,5,RP
54528,5,RP
54529,5,RP
54531,5,RP
54533,5,RP
54534,5,RP
54536,5,RP
54538,5,RP
54539,5,RP
54550,5,RP
54552,5,RP
54558,5,RP
54568,0,RP
54570,0,RP
54574,0,RP
54576,0,RP
54578,0,RP
54579,0,RP
54584,0,RP
54585,0,RP
54586,0,RP
54587,0,RP
54589,0,RP
54595,5,RP
54597,5,RP
54608,5,RP
54610,5,RP
54611,0,RP
54612,5,RP
54614,5,RP
54616,5,RP
54617,5,RP
54619,5,RP
54634,4,RP
54636,4,RP
54646,5,RP
54647,5,RP
54649,5,RP
54655,5,RP
54657,5,RP
54662,5,RP
54664,5,RP
54666,5,RP
54668,5,RP
54669,5,RP
54673,5,RP
54675,5,RP
54687,5,RP
54689,5,RP
55116,2,RP
55118,2,RP
55120,2,RP
55122,2,RP
55124,2,RP
55126,2,RP
55127,2,RP
55128,2,RP
55129,2,RP
55130,2,RP
55131,2,RP
55218,4,RP
55232,5,RP
55234,4,RP
55237,5,RP
55239,5,RP
55246,2,HE
55252,2,HE
55257,4,RP
55262,4,RP
55263,4,RP
55268,4,RP
55270,4,RP
55271,4,RP
55276,4,RP
55278,4,RP
55283,4,RP
55286,5,RP
55288,5,RP
55291,5,RP
55294,4,RP
55296,4,RP
55299,4,RP
55411,4,RP
55413,5,RP
55422,5,RP
55424,5,RP
55425,5,RP
55430,0,RP
55432,0,RP
55435,5,RP
55437,5,RP
55442,0,RP
55444,0,RP
55450,0,RP
55452,0,RP
55457,5,RP
55459,5,RP
55469,0,RP
55471,0,RP
55481,5,RP
55483,5,RP
55487,5,RP
55490,5,RP
55491,5,RP
55494,0,RP
55496,0,RP
55497,0,RP
55499,0,RP
55543,3,RP
55545,3,RP
55546,5,RP
55559,0,RP
55566,0,RP
55568,0,RP
55569,0,RP
55571,0,RP
55576,5,RP
55578,5,RP
55583,3,RP
55585,5,RP
55590,0,RP
55592,0,RP
55593,5,RP
55595,5,RP
55596,5,RP
55597,5,RP
55599,5,RP
55606,0,RP
55608,0,RP
55618,0,RP
55619,0,RP
55621,0,RP
55624,0,RP
55626,0,RP
55627,0,RP
55629,0,RP
55743,3,RP
55756,0,RP
55758,0,RP
55765,5,RP
55767,5,RP
55768,5,RP
55774,5,RP
55776,5,RP
55777,5,RP
55779,5,RP
56068,2,RP
56070,2,RP
56072,2,RP
56073,2,RP
56075,2,RP
56076,2,RP
56077,2,RP
56112,4,RP
56130,0,RP
56132,0,RP
56133,4,RP
56154,4,RP
56170,4,RP
56179,4,RP
56182,4,RP
56191,4,RP
56203,4,RP
56204,4,RP
56206,4,RP
56218,4,RP
56220,4,RP
56235,5,RP
56237,5,RP
56242,5,RP
56244,5,RP
56249,5,RP
56253,5,RP
56254,5,RP
56269,5,RP
56271,5,RP
56276,5,RP
56281,0,RP
56283,5,RP
56288,5,RP
56290,5,RP
56291,0,RP
56294,5,RP
56295,5,RP
56299,5,RP
56305,5,RP
56307,5,RP
56316,5,RP
56317,5,RP
56321,5,RP
56322,5,RP
56323,5,RP
56329,0,RP
56330,5,RP
56332,5,RP
56333,5,RP
56335,5,RP
56337,5,RP
56338,5,RP
56340,5,RP
56341,5,RP
56346,5,RP
56348,5,RP
56349,5,RP
56355,5,RP
56357,5,RP
56368,0,RP
56370,0,RP
56377,0,RP
56379,0,RP
56410,5,RP
56412,5,RP
56414,5,RP
56422,4,RP
56424,4,RP
56427,4,RP
56428,4,RP
56457,5,RP
56459,5,RP
56462,5,RP
56470,5,RP
56472,5,RP
56477,5,RP
56479,5,RP
56564,3,RP
56566,3,RP
56567,3,RP
56575,4,RP
56579,5,RP
56581,5,RP
56584,5,RP
56587,5,RP
56588,5,RP
56589,5,RP
56593,0,RP
56594,0,RP
56598,4,RP
56599,4,RP
56626,3,RP
56630,4,RP
56637,4,RP
56642,4,RP
56645,4,RP
56648,4,RP
56651,5,RP
56653,5,RP
56656,5,RP
56659,5,RP
56727,3,RP
56729,5,RP
56736,5,RP
56743,4,RP
56745,4,RP
56746,5,RP
56751,5,RP
56753,5,RP
56754,5,RP
56759,5,RP
56761,5,RP
56766,5,RP
56767,5,RP
56769,5,RP
56812,5,RP
56814,5,RP
56818,5,RP
56820,5,RP
56821,5,RP
56823,5,RP
56825,5,RP
56826,5,RP
56828,5,RP
56829,5,RP
56841,5,RP
56843,5,RP
56850,5,RP
56856,5,RP
56858,5,RP
56859,5,RP
56861,5,RP
56862,5,RP
56864,5,RP
56865,5,RP
56867,5,RP
56869,5,RP
57072,2,NW
57074,2,NW
57076,2,NW
57078,2,NW
57080,2,NW
57223,3,NW
57234,5,NW
57250,4,NW
57258,5,NW
57271,4,NW
57290,4,NW
57299,5,NW
57319,5,NW
57334,4,NW
57339,5,NW
57368,3,NW
57392,3,NW
57399,5,NW
57413,5,NW
57439,3,NW
57462,4,NW
57482,4,NW
57489,4,NW
57518,4,RP
57520,4,RP
57537,4,RP
57539,4,RP
57540,0,null
57548,4,RP
57555,4,RP
57562,4,RP
57567,4,RP
57572,4,RP
57577,4,RP
57578,4,RP
57580,4,RP
57581,4,RP
57583,4,RP
57584,4,RP
57586,4,RP
57587,4,RP
57589,4,RP
57610,0,RP
57612,0,RP
57614,5,RP
57627,5,RP
57629,5,RP
57632,0,RP
57635,0,RP
57636,0,RP
57638,0,RP
57639,5,RP
57641,0,RP
57642,5,RP
57644,5,RP
57645,5,RP
57647,5,RP
57648,5,RP
58089,2,NW
58091,2,NW
58093,2,NW
58095,2,NW
58097,2,NW
58099,2,NW
58119,2,NW
58135,2,NW
58239,3,NW
58256,4,NW
58285,3,NW
58300,4,NW
58313,4,NW
58332,4,NW
58339,4,NW
58452,3,NW
58453,3,NW
58454,3,NW
58455,3,NW
58456,3,NW
58507,3,NW
58509,3,NW
58511,3,NW
58513,3,NW
58515,3,NW
58540,4,NW
58553,4,NW
58566,4,NW
58579,4,NW
58636,3,NW
58638,3,NW
58640,3,NW
58642,3,NW
58644,3,NW
58675,3,NW
58706,3,NW
58708,3,NW
58710,3,NW
58730,4,NW
58739,4,NW
58762,5,NW
58769,4,NW
58791,4,NW
58802,4,NW
58809,4,NW
58840,3,NW
58849,5,NW
59063,2,NW
59065,2,NW
59067,2,NW
59069,2,NW
59071,2,NW
59073,2,NW
59075,2,NW
59077,2,NW
59174,3,NW
59192,3,NW
59199,4,NW
59227,3,NW
59229,3,NW
59269,3,NW
59302,3,NW
59320,4,NW
59329,5,NW
59348,4,NW
59368,3,NW
59379,3,NW
59387,5,NW
59394,5,NW
59399,4,NW
59423,3,NW
59425,3,NW
59427,3,NW
59439,4,NW
59457,3,NW
59469,4,NW
59494,3,NW
59505,5,NW
59510,5,NW
59514,5,NW
59519,5,NW
59555,3,NW
59556,3,NW
59557,3,NW
59558,3,NW
59581,3,NW
59590,4,NW
59597,4,NW
59602,5,NW
59609,5,NW
59755,3,NW
59757,3,NW
59759,3,NW
59821,3,NW
59823,3,NW
59846,3,NW
59872,3,NW
59889,5,NW
59909,4,NW
59929,3,NW
59939,4,NW
59955,5,NW
59964,5,NW
59969,5,NW
60306,1,HE
60308,1,HE
60310,1,HE
60311,1,HE
60312,1,HE
60313,1,HE
60314,1,HE
60316,1,HE
60318,1,HE
60320,1,HE
60322,1,HE
60323,1,HE
60325,1,HE
60326,1,HE
60327,1,HE
60329,1,HE
60385,1,HE
60386,1,HE
60388,1,HE
60389,1,HE
60431,1,HE
60433,1,HE
60435,1,HE
60437,1,HE
60438,1,HE
60439,1,HE
60486,1,HE
60487,1,HE
60488,1,HE
60489,1,HE
60528,1,HE
60529,1,HE
60549,1,HE
60594,1,HE
60596,1,HE
60598,1,HE
60599,1,HE
6108,2,ST
6110,2,ST
61118,3,HE
6112,2,ST
61130,4,HE
61137,4,HE
61138,4,HE
6114,2,ST
6116,2,ST
61169,4,HE
6118,2,ST
61184,4,HE
61191,5,HE
61194,4,HE
61197,5,HE
6120,2,ST
61200,4,HE
61203,4,HE
61206,4,HE
61209,5,HE
6122,2,ST
61231,3,HE
61239,4,HE
6124,2,ST
61250,4,HE
6126,2,ST
61267,4,HE
61273,5,HE
61276,5,HE
61279,5,HE
6128,2,ST
6130,2,ST
6132,2,ST
61348,3,HE
61350,3,HE
61352,3,HE
61381,4,HE
61389,5,HE
61440,3,HE
61449,4,HE
61462,4,HE
61476,4,HE
61479,4,HE
6179,5,ST
6184,5,ST
6188,5,ST
6193,5,ST
6198,5,ST
6217,3,ST
6231,4,ST
6237,5,ST
6242,5,ST
6246,5,ST
6249,5,ST
6255,5,ST
6258,4,ST
6259,5,ST
6268,5,ST
6279,5,ST
6295,3,ST
63065,2,HE
63067,2,HE
63069,2,HE
63071,2,HE
63073,2,HE
63075,2,HE
6308,4,ST
6311,4,ST
63110,3,HE
63128,3,HE
6313,4,ST
63150,4,HE
63165,4,HE
6317,5,ST
63179,4,HE
63225,3,HE
63263,3,HE
63303,3,HE
63322,4,HE
63329,4,HE
6333,4,ST
6343,4,ST
63450,3,HE
63452,3,HE
63454,3,HE
63456,3,HE
63457,3,HE
6347,5,ST
63477,3,HE
63486,4,HE
63500,4,HE
63505,4,HE
63512,4,HE
63517,4,HE
63526,4,HE
63533,4,HE
63538,4,HE
63543,4,HE
63546,5,HE
63549,5,HE
63571,3,HE
63579,4,HE
63584,4,HE
63589,4,HE
63594,4,HE
63599,5,HE
63607,4,HE
63619,4,HE
63628,5,HE
63633,5,HE
63636,5,HE
63637,5,HE
63639,5,HE
63654,4,HE
6366,3,ST
63667,4,HE
63674,4,HE
63679,5,HE
63683,4,HE
63688,5,HE
6369,5,ST
63691,5,HE
63694,4,HE
63695,4,HE
63697,5,HE
63699,5,HE
63739,3,BY
63741,3,BY
63743,3,BY
63755,4,BY
63762,4,BY
63768,4,BY
63773,4,BY
63776,4,BY
63785,4,BY
63791,4,HE
63796,4,HE
63801,3,BY
63808,4,BY
63811,4,BY
63814,4,BY
63820,4,BY
63825,4,BY
63826,5,HE
63828,4,BY
63829,4,BY
63831,4,BY
63834,4,BY
63839,4,BY
63840,4,BY
63843,4,BY
63846,4,BY
63849,5,BY
6385,4,ST
63853,5,BY
63856,5,BY
63857,0,BY
6386,5,ST
63860,5,BY
63863,5,BY
63864,4,BY
63867,4,BY
63868,4,BY
63869,0,BY
63871,5,BY
63872,5,BY
63874,5,BY
63875,5,BY
63877,4,BY
63879,0,BY
6388,5,ST
63897,4,BY
63906,4,BY
63911,4,BY
63916,5,BY
63920,4,BY
63924,4,BY
63925,4,BY
63927,4,BY
63928,4,BY
63930,4,BY
63931,5,BY
63933,5,BY
63934,5,BY
63936,5,BY
63937,5,BY
63939,4,HE
6406,3,ST
6408,5,ST
6420,5,ST
6425,5,ST
64283,2,HE
64285,2,HE
64287,2,HE
64289,2,HE
6429,5,ST
64291,2,HE
64293,2,HE
64295,2,HE
64297,2,HE
64319,4,HE
64331,4,HE
64342,4,HE
64347,4,HE
64354,4,HE
64367,4,HE
64372,4,HE
64380,4,HE
64385,4,HE
64390,4,HE
64395,5,HE
64397,5,HE
64401,5,HE
64404,4,HE
64405,5,HE
64407,5,HE
64409,5,HE
6449,3,ST
64521,4,HE
64546,3,HE
6456,5,ST
64560,4,HE
64569,4,HE
64572,4,HE
64579,4,HE
6458,5,ST
64584,4,HE
64589,4,HE
64625,3,HE
6463,5,ST
6464,5,ST
64646,4,BW
64653,4,HE
64658,4,HE
6466,5,ST
64665,4,HE
64668,4,HE
6467,5,ST
64673,4,HE
64678,5,HE
64683,4,HE
64686,4,HE
64689,5,HE
6469,5,ST
64711,4,HE
64720,4,HE
64732,4,HE
64739,4,HE
64747,4,HE
64750,5,HE
64753,5,HE
64754,4,HE
64756,5,HE
64757,5,HE
64760,5,HE
64807,4,HE
64823,4,HE
64832,4,HE
64839,4,HE
6484,3,ST
64846,4,HE
6485,3,ST
64850,4,HE
64853,5,HE
64859,4,HE
6493,5,ST
6502,4,ST
65183,2,HE
65185,2,HE
65187,2,HE
65189,2,HE
65191,2,HE
65193,2,HE
65195,2,HE
65197,2,HE
65199,2,HE
65201,2,HE
65203,2,HE
65205,2,HE
65207,2,HE
65232,4,HE
65239,4,HE
6526,3,ST
6528,4,ST
65307,4,HE
65321,5,HE
65326,5,HE
65329,5,HE
65343,4,HE
65344,4,HE
65345,4,HE
65346,4,HE
65347,4,HE
6536,5,ST
65366,4,HE
6537,5,ST
65375,4,HE
65385,4,HE
65388,5,HE
65391,5,HE
65396,4,HE
65399,4,HE
6542,5,ST
65428,3,HE
6543,5,ST
65439,4,HE
65451,4,HE
65462,4,HE
65468,4,HE
65474,4,HE
65479,4,HE
65510,4,HE
65520,4,HE
65527,4,HE
65529,5,HE
65549,3,HE
65550,3,HE
65551,3,HE
65552,3,HE
65553,3,HE
65554,3,HE
65555,3,HE
65556,3,RP
65558,0,RP
6556,0,TH
65582,5,RP
65589,5,HE
65594,4,HE
65597,5,HE
65599,5,HE
65604,4,HE
65606,5,HE
65611,4,HE
65614,5,HE
65618,4,HE
65620,5,HE
65623,0,RP
65624,5,RP
65626,5,RP
65627,5,HE
65629,0,RP
6567,4,TH
6571,0,TH
65719,3,HE
65760,4,HE
6577,0,TH
65779,4,HE
6578,0,TH
65795,4,HE
65812,4,HE
65817,4,HE
65824,4,HE
65830,4,HE
65835,4,HE
65843,4,HE
65929,1,HE
65931,1,HE
65933,1,HE
65934,1,HE
65936,1,HE
66111,2,SL
66113,2,SL
66115,2,SL
66117,2,SL
66119,2,SL
66121,2,SL
66123,2,SL
66125,2,SL
66126,2,SL
66127,2,SL
66128,2,SL
66129,2,SL
66130,2,SL
66131,2,SL
66132,2,SL
66133,2,SL
6618,3,ST
66265,4,SL
66271,4,SL
6628,3,ST
66280,4,SL
66287,4,SL
66292,4,SL
66299,4,SL
6632,5,ST
66333,3,SL
66346,4,SL
66352,4,SL
66359,4,SL
6636,5,ST
6638,5,ST
66386,3,SL
66399,5,SL
6642,4,ST
66424,3,SL
66440,4,SL
66450,4,SL
66453,5,SL
66459,5,SL
6647,4,TH
6648,4,ST
66482,3,RP
66484,5,RP
66497,5,RP
66500,5,RP
66501,5,RP
66503,5,RP
66504,5,RP
66506,5,RP
66507,5,RP
66509,5,RP
66538,3,SL
66539,3,SL
66540,3,SL
66557,4,SL
66564,4,SL
66571,4,SL
66578,4,SL
66583,4,SL
66589,4,SL
66606,3,SL
66620,5,SL
66625,5,SL
66629,5,SL
66636,5,SL
66640,4,SL
66646,4,SL
66649,4,SL
66663,3,SL
6667,5,ST
66679,5,SL
66687,5,SL
66693,5,SL
66701,4,SL
66706,5,SL
66709,4,SL
66740,3,SL
66763,4,SL
66773,4,SL
66780,4,SL
66787,4,SL
6679,4,ST
66793,4,SL
66798,4,SL
66802,4,SL
66806,4,SL
66809,4,SL
6682,5,ST
66822,5,SL
66839,4,SL
66849,0,RP
66851,0,RP
6686,5,ST
66862,0,RP
66869,5,RP
66871,5,RP
66877,4,RP
66879,4,RP
6688,3,ST
66882,4,RP
66885,5,RP
66887,5,RP
66892,4,RP
66894,4,RP
66901,5,RP
66903,5,RP
66904,5,RP
66907,5,RP
66909,5,RP
66914,5,SL
66916,5,RP
66917,5,RP
66919,5,RP
66953,3,RP
66954,3,RP
66955,3,RP
66957,5,RP
66969,5,RP
66976,5,RP
66978,5,RP
66981,5,RP
66987,5,RP
66989,5,RP
66994,5,RP
66996,5,RP
66999,5,RP
67059,2,RP
67061,2,RP
67063,2,RP
67065,2,RP
67067,2,RP
67069,2,RP
67071,2,RP
67098,4,RP
67105,4,RP
6711,3,ST
67112,4,RP
67117,4,RP
6712,5,ST
67122,4,RP
67125,4,RP
67126,4,RP
67127,4,RP
67133,4,RP
67134,4,RP
67136,4,RP
67141,4,RP
67146,4,RP
67147,4,RP
67149,4,RP
67150,4,RP
67152,4,RP
67157,4,RP
67158,4,RP
67159,4,RP
67161,4,RP
67165,4,RP
67166,4,RP
67167,5,RP
67169,5,RP
6721,5,ST
6722,5,ST
67227,3,RP
67229,5,RP
67240,4,RP
67245,4,RP
67246,5,RP
67251,5,RP
67256,5,RP
67258,4,RP
67259,4,RP
67269,4,RP
67271,5,RP
67273,5,RP
67278,5,RP
67280,5,RP
67281,5,RP
67283,5,RP
6729,5,ST
67292,5,RP
67294,5,RP
67295,5,RP
67297,5,RP
67304,4,RP
67305,4,RP
67307,5,RP
67308,5,RP
67310,5,RP
67311,5,RP
67316,5,RP
67317,5,RP
67319,5,RP
67346,3,RP
67354,4,RP
67360,4,RP
67361,4,RP
67363,4,RP
67365,4,RP
67366,4,RP
67368,4,RP
67373,4,RP
67374,4,RP
67376,4,RP
67377,4,RP
67378,4,RP
67433,3,RP
67434,3,RP
67435,3,RP
67454,4,RP
67459,4,RP
67466,5,RP
67468,5,RP
67471,5,RP
67472,5,RP
67473,5,RP
67475,5,RP
67480,4,RP
67482,4,RP
67483,4,RP
67487,4,RP
67489,4,RP
6749,3,ST
67547,3,RP
67549,3,RP
67550,5,RP
67551,3,RP
67574,5,RP
67575,5,RP
67577,5,RP
67578,5,RP
67580,5,RP
67582,5,RP
67583,4,RP
67585,4,RP
67586,4,RP
67587,4,RP
67590,5,RP
67591,5,RP
67592,5,RP
67593,5,RP
67595,5,RP
67596,5,RP
67598,5,RP
67599,5,RP
67655,2,RP
67657,2,RP
67659,2,RP
6766,3,ST
67661,2,RP
67663,2,RP
67677,5,RP
67678,5,RP
67680,5,RP
67681,5,RP
67685,5,RP
67686,5,RP
67688,5,RP
67691,5,RP
67693,5,RP
67697,5,RP
67699,5,RP
67700,5,RP
67701,5,RP
67705,0,RP
67706,0,RP
67707,0,RP
67714,5,RP
67715,5,RP
67716,5,RP
67718,5,RP
6772,4,ST
67722,5,RP
67724,5,RP
67725,5,RP
67727,5,RP
67728,5,RP
67729,5,RP
6773,4,ST
67731,5,RP
67732,5,RP
67734,5,RP
67735,5,RP
67737,5,RP
6774,5,ST
67742,5,RP
67744,0,RP
67745,5,RP
67746,5,RP
67748,5,RP
67749,5,RP
67752,5,RP
67753,5,RP
67754,5,RP
67756,5,RP
67757,5,RP
67759,0,RP
6779,4,ST
6780,5,ST
67806,0,RP
67808,5,RP
67811,0,RP
67813,0,RP
67814,5,RP
67816,5,RP
67817,5,RP
67819,5,RP
67821,0,RP
67822,0,RP
67823,0,RP
67824,5,RP
67826,5,RP
67827,0,RP
67829,0,RP
6785,5,ST
6792,4,ST
6794,4,ST
6796,4,ST
6800,4,ST
6803,3,ST
6808,3,ST
6809,4,ST
68159,1,BW
68161,1,BW
68163,1,BW
68165,1,BW
68167,1,BW
68169,1,BW
68199,1,BW
68219,1,BW
68229,1,BW
68239,1,BW
68259,1,BW
68305,1,BW
68307,1,BW
68309,1,BW
6842,3,ST
6844,3,ST
6846,3,ST
6847,3,ST
6849,3,ST
68519,3,HE
68526,4,BW
68535,4,BW
68542,4,BW
68549,4,BW
6861,3,ST
6862,3,ST
68623,4,HE
68642,4,HE
68647,4,HE
68649,5,HE
6868,5,ST
6869,5,ST
68723,4,BW
68753,4,BW
68766,4,BW
68775,4,BW
68782,4,BW
68789,4,BW
68794,5,BW
68799,4,BW
68804,4,BW
68809,4,BW
6886,3,ST
6888,3,ST
6889,3,ST
6895,5,ST
6901,5,ST
6905,5,ST
69115,2,BW
69117,2,BW
69118,2,BW
69120,2,BW
69121,2,BW
69123,2,BW
69124,2,BW
69126,2,BW
69151,4,BW
69168,4,BW
6917,5,ST
69181,4,BW
69190,4,BW
69198,4,BW
69207,4,BW
69214,4,BW
69221,4,BW
69226,4,BW
69231,4,BW
69234,4,BW
69239,4,HE
69242,4,BW
69245,4,BW
6925,5,ST
69250,5,BW
69251,4,BW
69253,5,BW
69254,4,BW
69256,5,BW
69257,4,BW
69259,5,BW
69412,4,BW
69427,5,BW
69429,5,BW
69434,4,HE
69436,4,BW
69437,5,BW
69439,5,BW
69469,3,BW
69483,4,HE
69488,4,HE
69493,4,BW
69502,4,BW
69509,4,HE
69514,4,BW
69517,4,HE
69518,4,HE
70173,1,BW
70174,1,BW
70176,1,BW
70178,1,BW
70180,1,BW
70182,1,BW
70184,1,BW
70186,1,BW
70188,1,BW
70190,1,BW
70191,1,BW
70192,1,BW
70193,1,BW
70195,1,BW
70197,1,BW
70199,1,BW
70327,1,BW
70329,1,BW
70372,1,BW
70374,1,BW
70376,1,BW
70378,1,BW
70435,1,BW
70437,1,BW
70439,1,BW
70469,1,BW
70499,1,BW
70563,1,BW
70565,1,BW
70567,1,BW
70569,1,BW
70597,1,BW
70599,1,BW
70619,1,BW
70629,4,BW
70734,3,BW
70736,3,BW
70771,4,BW
70794,4,BW
70806,3,BW
70825,4,BW
70839,4,BW
71032,3,BW
71034,3,BW
71063,3,BW
71065,3,BW
71067,3,BW
71069,3,BW
71083,3,BW
71088,4,BW
71093,4,BW
71101,4,BW
71106,4,BW
71111,4,BW
71116,4,BW
71120,4,BW
71126,4,BW
71131,4,BW
71134,4,BW
71139,4,BW
71144,4,BW
71149,4,BW
71154,3,BW
71155,4,BW
71157,4,BW
71159,4,BW
71229,3,BW
71254,4,BW
71263,4,BW
71272,4,BW
71277,4,BW
71282,4,BW
71287,4,BW
71292,4,BW
71296,4,BW
71297,4,BW
71299,4,BW
71332,3,BW
71334,3,BW
71336,3,BW
71364,4,BW
71384,4,BW
71394,4,BW
71397,4,BW
71404,3,BW
71409,4,BW
71522,3,BW
71540,4,BW
71543,5,BW
71546,3,BW
71549,3,BW
71554,3,BW
71560,5,BW
71563,4,BW
71566,3,BW
71570,3,BW
71573,3,BW
71576,3,BW
71577,5,BW
71579,5,BW
71634,3,BW
71636,3,BW
71638,3,BW
71640,3,BW
71642,3,BW
71665,4,BW
71672,4,BW
71679,4,BW
71686,4,BW
71691,4,BW
71696,4,BW
71701,4,BW
71706,4,BW
71711,4,BW
71717,4,BW
71720,4,BW
71723,4,BW
71726,4,BW
71729,4,BW
71732,3,BW
71735,4,BW
71737,3,BW
71739,4,BW
72070,3,BW
72072,3,BW
72074,3,BW
72076,3,BW
72108,3,BW
72116,4,BW
72119,4,BW
72124,4,BW
72127,5,BW
72131,4,BW
72135,4,BW
72138,4,BW
72141,4,BW
72144,4,BW
72145,3,BW
72147,4,BW
72149,3,BW
72160,4,BW
72172,5,BW
72175,5,BW
72178,5,BW
72181,3,BW
72184,4,BW
72186,4,BW
72189,5,BW
72202,4,BW
72213,5,BW
72218,4,BW
72221,4,BW
72224,4,BW
72226,5,BW
72227,5,BW
72229,4,BW
72250,3,BW
72270,4,BW
72275,5,BW
72280,5,BW
72285,4,BW
72290,5,BW
72293,5,BW
72294,4,BW
72296,5,BW
72297,3,BW
72299,4,BW
72336,3,BW
72348,5,BW
72351,3,BW
72355,5,BW
72356,5,BW
72358,5,BW
72359,5,BW
72361,5,BW
72362,5,BW
72364,5,BW
72365,5,BW
72367,5,BW
72369,5,BW
72379,4,BW
72393,5,BW
72401,5,BW
72406,4,BW
72411,4,BW
72414,4,BW
72415,4,BW
72417,4,BW
72419,5,BW
72458,3,BW
72459,3,BW
72461,3,BW
72469,5,BW
72474,5,BW
72475,3,BW
72477,5,BW
72479,5,BW
72488,5,BW
72501,5,BW
72505,5,BW
72510,5,BW
72511,5,BW
72513,5,BW
72514,5,BW
72516,5,BW
72517,5,BW
72519,5,BW
72525,5,BW
72531,5,BW
72532,5,BW
72534,5,BW
72535,5,BW
72537,5,BW
72539,5,BW
72555,4,BW
72574,4,BW
72581,4,BW
72582,4,BW
72584,4,BW
72585,4,BW
72587,4,BW
72589,5,BW
72622,3,BW
72631,4,BW
72636,3,BW
72639,4,BW
72644,3,BW
72649,3,BW
72654,4,BW
72655,4,BW
72657,4,BW
72658,4,BW
72660,4,BW
72661,4,BW
72663,3,BW
72664,4,BW
72666,4,BW
72667,4,BW
72669,3,BW
72760,2,BW
72762,2,BW
72764,2,BW
72766,2,BW
72768,2,BW
72770,2,BW
72793,4,BW
72800,4,BW
72805,4,BW
72810,4,BW
72813,5,BW
72818,5,BW
72820,5,BW
72827,4,BW
72829,5,BW
73033,3,BW
73035,3,BW
73037,3,BW
73054,4,BW
73061,4,BW
73066,4,BW
73072,4,BW
73079,4,BW
73084,4,BW
73087,4,BW
73092,4,BW
73095,4,BW
73098,5,BW
73099,5,BW
73101,4,BW
73102,5,BW
73104,5,BW
73105,4,BW
73107,4,BW
73108,4,BW
73110,4,BW
73111,3,BW
73113,4,BW
73114,3,BW
73116,3,BW
73117,3,BW
73119,4,BW
7318,3,TH
73207,4,BW
73230,3,BW
73235,4,BW
73240,4,BW
73249,4,BW
73252,4,BW
73257,4,BW
73262,4,BW
73265,3,BW
73266,4,BW
73268,4,BW
73269,4,BW
73271,4,BW
73272,4,BW
73274,3,BW
73275,4,BW
73277,4,BW
73278,4,BW
7330,5,TH
73312,3,BW
73326,5,BW
73329,3,BW
7333,4,TH
73333,4,BW
73337,3,BW
73340,5,BW
73342,5,BW
73344,5,BW
73345,5,BW
73347,5,BW
73349,5,BW
7338,5,TH
7343,5,TH
73430,3,BW
73431,3,BW
73432,3,BW
73433,3,BW
73434,3,BW
73441,5,BW
73447,4,BW
73450,5,BW
73453,5,BW
73457,3,BW
73460,3,BW
73463,5,BW
73466,5,BW
73467,5,BW
73469,5,BW
73479,3,BW
73485,5,BW
73486,3,BW
73488,3,BW
73489,3,BW
7349,5,TH
73491,3,BW
73492,3,BW
73494,3,BW
73495,5,BW
73497,5,BW
73499,3,BW
73525,3,BW
73527,3,BW
73529,3,BW
73540,5,BW
73547,4,BW
73550,3,BW
73553,4,BW
73557,5,BW
7356,5,TH
73560,5,BW
73563,5,BW
73565,5,BW
73566,5,BW
73568,5,BW
73569,5,BW
73571,5,BW
73572,5,BW
73574,5,BW
73575,5,BW
73577,5,BW
73579,5,BW
73614,3,BW
73630,4,BW
73635,4,BW
73642,4,BW
73650,3,BW
73655,4,BW
7366,0,TH
73660,4,BW
73663,5,BW
73666,4,BW
73667,4,BW
73669,4,BW
7368,0,TH
73728,3,BW
73730,3,BW
73732,3,BW
73733,3,BW
73734,3,BW
73760,4,BW
73765,4,BW
73770,4,BW
73773,4,BW
73776,4,BW
73779,4,BW
7381,4,TH
7387,5,TH
7389,5,TH
7407,5,TH
74072,2,BW
74074,2,BW
74076,2,BW
74078,2,BW
74080,2,BW
74081,2,BW
74172,3,BW
74177,4,BW
74182,4,BW
74189,4,BW
74193,4,BW
74196,5,BW
74199,4,BW
74206,4,BW
74211,4,BW
74214,5,BW
74219,5,BW
7422,4,TH
74223,4,BW
74226,4,BW
74229,4,BW
74232,4,BW
74235,3,BW
74238,5,BW
74239,5,BW
74243,5,BW
74245,4,BW
74246,4,BW
74248,4,BW
74249,5,BW
74251,4,BW
74252,4,BW
74254,4,BW
74255,5,BW
74257,3,BW
74259,5,BW
7426,0,TH
7427,0,TH
7429,0,TH
74321,3,BW
74336,4,BW
74343,4,BW
74348,4,BW
74354,4,BW
74357,4,BW
74360,4,BW
74363,4,BW
74366,4,BW
74369,4,BW
74372,4,BW
74374,4,BW
74376,4,BW
74379,3,BW
74382,4,BW
74385,4,BW
74388,4,BW
74389,4,BW
74391,4,BW
74392,4,BW
74394,4,BW
74395,4,BW
74397,4,BW
74399,4,BW
74405,5,BW
74417,5,BW
74420,5,BW
74423,5,BW
74424,5,BW
74426,5,BW
74427,5,BW
74429,5,BW
74523,3,BW
74532,5,BW
74535,5,BW
74538,3,BW
74541,5,BW
74542,5,BW
74544,3,BW
74545,3,BW
74547,5,BW
74549,5,BW
74564,3,BW
74572,5,BW
74575,5,BW
74579,5,BW
74582,5,BW
74585,5,BW
74586,3,BW
74589,3,BW
74592,5,BW
74594,5,BW
74595,5,BW
74597,3,BW
74599,5,BW
74613,4,BW
74626,4,BW
74629,4,BW
74632,5,BW
74635,5,BW
74638,5,BW
74639,4,BW
74653,3,BW
74670,5,BW
74673,5,BW
74676,5,BW
74677,5,BW
74679,5,BW
74706,5,BW
74722,5,BW
74731,5,BW
74736,5,BW
74740,5,BW
74743,5,BW
74744,5,BW
74746,5,BW
74747,5,BW
74749,5,BW
74821,3,BW
74831,4,BW
74834,3,BW
74838,5,BW
74842,5,BW
74847,3,BW
74850,5,BW
74855,4,BW
74858,4,BW
74861,5,BW
74862,5,BW
74864,5,BW
74865,3,BW
74867,4,BW
74869,4,BW
74889,3,BW
74906,4,BW
74909,5,BW
74912,4,BW
74915,5,BW
74918,3,BW
74921,5,BW
74924,5,BW
74925,5,BW
74927,5,BW
74928,4,BW
74930,4,BW
74931,5,BW
74933,5,BW
74934,5,BW
74936,4,BW
74937,5,BW
74939,3,BW
75015,3,BW
75031,4,BW
75038,5,BW
75045,5,BW
75050,4,BW
75053,3,BW
75056,5,BW
75057,5,BW
75059,5,BW
75172,2,BW
75173,2,BW
75175,2,BW
75177,2,BW
75179,2,BW
75180,2,BW
75181,2,BW
75196,4,BW
75203,4,BW
75210,4,BW
75217,4,BW
75223,4,BW
75228,4,BW
75233,5,BW
75236,4,BW
75239,4,BW
75242,5,BW
75245,4,BW
75248,4,BW
75249,4,BW
75305,4,BW
75323,4,BW
75328,4,BW
75331,4,BW
75334,4,BW
75335,5,BW
75337,4,BW
75339,4,BW
75365,4,BW
75378,4,BW
75382,5,BW
75385,5,BW
75387,5,BW
75389,5,BW
75391,5,BW
75392,3,BW
75394,4,BW
75395,5,BW
75397,5,BW
75399,4,BW
75417,3,BW
75428,4,BW
75433,5,BW
75438,5,BW
75443,3,BW
75446,4,BW
75447,5,BW
75449,4,BW
7545,3,TH
7546,3,TH
7548,3,TH
7549,3,TH
7551,3,TH
7552,3,TH
7554,3,TH
7557,5,TH
7570,4,TH
7580,5,TH
7586,5,TH
7589,5,TH
7607,5,TH
7613,5,TH
76131,2,BW
76133,2,BW
76135,2,BW
76137,2,BW
76139,2,BW
76149,2,BW
7616,5,TH
76185,2,BW
76187,2,BW
76189,2,BW
7619,5,TH
76199,2,BW
76227,2,BW
76228,2,BW
76229,2,BW
76275,3,BW
76287,4,BW
7629,5,TH
76297,4,BW
76307,4,BW
76316,4,BW
76327,4,BW
76332,5,BW
76337,4,BW
76344,4,BW
76351,4,BW
76356,4,BW
76359,5,BW
7639,5,TH
76437,3,BW
76448,4,BW
76456,4,BW
7646,5,TH
76461,3,BW
76467,4,BW
76470,3,BW
76473,3,BW
76474,4,BW
76476,4,BW
76477,4,BW
76479,3,BW
76530,3,BW
76532,3,BW
76534,3,BW
76547,4,BW
76549,4,BW
76571,3,BW
76593,4,BW
76596,5,BW
76597,4,BW
76599,4,BW
76646,3,BW
76661,5,BW
76669,4,BW
76676,5,BW
76684,5,BW
76689,3,BW
76694,3,BW
76698,4,BW
76703,5,BW
76706,5,BW
76707,3,BW
76709,4,BW
76726,4,RP
76744,4,RP
76751,4,RP
76756,4,RP
76761,4,RP
76764,4,RP
76767,5,RP
76768,5,RP
76770,4,RP
76771,4,RP
76773,4,RP
76774,4,RP
76776,5,RP
76777,4,RP
76779,5,RP
76829,5,RP
76831,4,RP
76833,4,RP
76835,4,RP
76846,5,RP
76848,5,RP
76855,5,RP
76857,5,RP
76863,4,RP
76865,4,RP
76870,4,RP
76872,4,RP
76877,5,RP
76879,5,RP
76887,5,RP
76889,5,RP
76891,5,RP
7743,2,TH
7745,2,TH
7747,2,TH
7749,2,TH
7751,5,TH
77652,3,BW
77654,3,BW
77656,3,BW
7768,5,TH
77694,3,BW
77704,4,BW
77709,4,BW
77716,5,BW
77723,4,BW
77728,5,BW
77731,5,BW
77736,5,BW
7774,5,TH
77740,5,BW
77743,4,BW
77746,3,BW
77749,3,BW
77756,4,BW
77761,5,BW
77767,4,BW
77770,3,BW
77773,5,BW
77776,3,BW
7778,5,TH
77781,5,BW
77784,5,BW
77787,5,BW
77790,5,BW
77791,4,BW
77793,4,BW
77794,4,BW
77796,5,BW
77797,4,BW
77799,3,BW
77815,3,BW
77830,4,BW
77833,3,BW
77836,5,BW
77839,5,BW
77855,3,BW
77866,5,BW
77871,4,BW
77876,5,BW
77880,3,BW
77883,5,BW
77886,3,BW
77887,3,BW
77889,5,BW
77933,3,BW
77948,4,BW
77955,4,BW
77960,5,BW
77963,5,BW
77966,4,BW
77971,3,BW
77972,4,BW
77974,5,BW
77975,4,BW
77977,4,BW
77978,5,BW
78048,3,BW
78050,3,BW
78052,3,BW
78054,3,BW
78056,3,BW
7806,4,TH
78073,4,BW
78078,3,BW
78083,3,BW
78086,3,BW
78087,3,BW
78089,3,BW
78098,5,BW
78112,4,BW
78120,4,BW
78126,5,BW
78132,5,BW
78136,5,BW
78141,5,BW
78144,3,BW
78147,5,BW
78148,4,BW
78166,3,BW
78176,5,BW
78183,3,BW
78187,5,BW
7819,5,TH
78194,5,BW
78199,3,BW
78224,3,BW
78234,4,BW
78239,3,BW
78244,4,BW
78247,5,BW
78250,5,BW
78253,5,BW
78256,3,BW
78259,4,BW
78262,4,BW
78266,4,BW
78267,4,BW
78269,3,BW
78315,3,BW
78333,5,BW
78337,5,BW
78343,5,BW
78345,5,BW
78351,0,null
78354,4,null
78355,5,BW
78357,5,BW
78359,5,BW
78462,3,BW
78464,3,BW
78465,3,null
78467,3,BW
78476,3,BW
78479,3,BW
78532,3,BW
78549,4,BW
78554,4,BW
78559,5,BW
78564,5,BW
78567,5,BW
78570,5,BW
78573,3,BW
78576,3,BW
78579,3,BW
78580,5,BW
78582,4,BW
78583,4,BW
78585,5,BW
78586,5,BW
78588,4,BW
78589,4,BW
78591,5,BW
78592,5,BW
78594,5,BW
78595,4,BW
78597,5,BW
78598,5,BW
78600,5,BW
78601,4,BW
78603,5,BW
78604,3,BW
78606,3,BW
78607,5,BW
78609,3,BW
78628,3,BW
78647,5,BW
78652,3,BW
78655,5,BW
78658,3,BW
78661,3,BW
78662,4,BW
78664,5,BW
78665,4,BW
78667,4,BW
78669,3,BW
78713,3,BW
78727,4,BW
78730,3,BW
78733,3,BW
78736,4,BW
78737,4,BW
78739,3,BW
7907,5,TH
79098,2,BW
79100,4,BW
79102,2,BW
79104,2,BW
79106,2,BW
79108,2,BW
79110,2,BW
79111,2,BW
79112,2,BW
79114,2,BW
79115,2,BW
79117,2,BW
79183,4,BW
79189,4,BW
7919,5,SN
79194,4,BW
79199,5,BW
79206,4,BW
79211,4,BW
79215,4,BW
79219,5,BW
7922,5,TH
79224,4,BW
79227,4,BW
79232,4,BW
79235,5,BW
79238,4,BW
7924,5,TH
79241,4,BW
79244,5,BW
79249,4,BW
79252,5,BW
79254,5,BW
79256,5,BW
79258,4,BW
7926,5,TH
79261,4,BW
79263,4,BW
79268,4,BW
7927,5,TH
79271,5,BW
79274,5,BW
79276,4,BW
79279,4,BW
79280,4,BW
79282,4,BW
79283,4,BW
79285,4,BW
79286,5,BW
79288,4,BW
79289,4,BW
7929,5,TH
79291,4,BW
79292,4,BW
79294,4,BW
79295,4,BW
79297,4,BW
79299,4,BW
79312,3,BW
79331,3,BW
79336,4,BW
79341,4,BW
79346,5,BW
79348,3,BW
79350,3,BW
79353,5,BW
79356,4,BW
79359,5,BW
79361,5,BW
79362,5,BW
79364,3,BW
79365,4,BW
79367,4,BW
79369,5,BW
7937,5,SN
79379,4,BW
79395,4,BW
79400,5,BW
79410,4,BW
79415,5,BW
79418,5,BW
79423,4,BW
79424,4,BW
79426,4,BW
79427,4,BW
79429,5,BW
7950,4,TH
7952,5,SN
79539,3,BW
79540,3,BW
79541,3,BW
7955,4,TH
7957,5,TH
79576,3,BW
7958,5,TH
79585,4,BW
79588,5,BW
79589,4,BW
79591,4,BW
79592,4,BW
79594,3,BW
79595,4,BW
79597,4,BW
79599,4,BW
79618,3,BW
79639,4,BW
79650,4,BW
79664,4,BW
79669,4,BW
79674,5,BW
79677,5,BW
79682,5,BW
79685,4,BW
79686,4,BW
79688,4,BW
79689,4,BW
79692,5,BW
79694,5,BW
79695,5,BW
79713,5,BW
79725,4,BW
7973,0,TH
79730,5,BW
79733,5,BW
79736,5,BW
79737,5,BW
79739,3,BW
79761,3,BW
79771,5,BW
79774,5,BW
79777,5,BW
79780,5,BW
79787,3,BW
79790,5,BW
79793,4,BW
79798,5,BW
7980,5,TH
79801,5,BW
79802,5,BW
79804,3,BW
79805,4,BW
79807,5,BW
79809,3,BW
79822,4,BW
79837,5,BW
79843,5,BW
79848,5,BW
7985,4,SN
79853,5,BW
79856,5,BW
79859,5,BW
79862,5,BW
79865,5,BW
79868,5,BW
7987,5,TH
79871,4,BW
79872,5,BW
79874,5,BW
79875,5,BW
79877,5,BW
79879,5,BW
80331,1,BY
80333,1,BY
80335,1,BY
80336,1,BY
80337,1,BY
80339,1,BY
80469,1,BY
80538,1,BY
80539,1,BY
8056,3,SN
8058,3,SN
8060,3,SN
8062,3,SN
80634,1,BY
80636,1,BY
80637,1,BY
80638,1,BY
80639,1,BY
8064,3,SN
8066,3,SN
80686,1,BY
80687,1,BY
80689,1,BY
80796,1,BY
80797,1,BY
80798,1,BY
80799,1,BY
80801,1,BY
80802,1,BY
80803,1,BY
80804,1,BY
80805,1,BY
80807,1,BY
80809,1,BY
80933,1,BY
80935,1,BY
80937,1,BY
80939,1,BY
80992,1,BY
80993,1,BY
80995,1,BY
80997,1,BY
80999,1,BY
8107,5,SN
8112,4,SN
8115,5,SN
8118,5,SN
81241,1,BY
81243,1,BY
81245,1,BY
81247,1,BY
81249,1,BY
8132,4,SN
8134,5,SN
81369,1,BY
81371,1,BY
81373,1,BY
81375,1,BY
81377,1,BY
81379,1,BY
8141,4,SN
8144,5,SN
8147,5,SN
81475,1,BY
81476,1,BY
81477,1,BY
81479,1,BY
81539,1,BY
81541,1,BY
81543,1,BY
81545,0,BY
81547,1,BY
81549,1,BY
81667,1,BY
81669,1,BY
81671,1,BY
81673,1,BY
81675,1,BY
81677,1,BY
81679,1,BY
81735,1,BY
81737,1,BY
81739,1,BY
81825,1,BY
81827,1,BY
81829,1,BY
81925,1,BY
81927,1,BY
81929,1,BY
82008,4,BY
82024,4,BY
82031,4,BY
82041,4,BY
82049,4,BY
82054,5,BY
82057,4,BY
82061,0,BY
82064,0,BY
82065,5,BY
82067,4,BY
82069,4,BY
8209,4,SN
82110,3,BY
82131,4,BY
82140,4,BY
82152,4,BY
82166,4,BY
82178,4,BY
82194,4,BY
82205,4,BY
82211,4,BY
82216,4,BY
82223,4,BY
82229,4,BY
8223,4,SN
82234,5,BY
82237,5,BY
82239,5,BY
82256,3,BY
82266,5,BY
82269,5,BY
82272,5,BY
82275,4,BY
82276,5,BY
82278,5,BY
82279,5,BY
8228,4,SN
82281,5,BY
82284,5,BY
82285,5,BY
82287,5,BY
82288,5,BY
82290,5,BY
82291,5,BY
82293,5,BY
82294,5,BY
82296,5,BY
82297,5,BY
82299,5,BY
82319,4,BY
82327,4,BY
8233,5,SN
82335,4,BY
82340,4,BY
82343,4,BY
82346,5,BY
82347,5,BY
82349,4,BY
8236,4,SN
82362,3,BY
8237,5,SN
82377,4,BY
82380,4,BY
82383,5,BY
82386,5,BY
82387,5,BY
82389,5,BY
8239,4,SN
82390,5,BY
82392,5,BY
82393,5,BY
82395,5,BY
82396,5,BY
82398,5,BY
82399,5,BY
82401,5,BY
82402,5,BY
82404,5,BY
82405,5,BY
82407,5,BY
82409,5,BY
82418,4,BY
82431,5,BY
82432,5,BY
82433,5,BY
82435,5,BY
82436,5,BY
82438,5,BY
82439,5,BY
82441,5,BY
82442,5,BY
82444,5,BY
82445,5,BY
82447,5,BY
82449,5,BY
82467,3,BY
82475,3,BY
8248,4,SN
82481,4,BY
82487,5,BY
82488,5,BY
82490,4,BY
82491,4,BY
82493,5,BY
82494,5,BY
82496,5,BY
82497,5,BY
82499,5,BY
82515,4,BY
82538,4,BY
82541,5,BY
82544,5,BY
82547,5,BY
82549,5,BY
8258,4,SN
8261,5,SN
8262,5,SN
8267,4,SN
8280,0,SN
8289,4,SN
8294,4,SN
8297,4,SN
8301,0,SN
83022,3,BY
83024,3,BY
83026,3,BY
8304,4,SN
83043,4,BY
83052,4,BY
83059,4,BY
83064,4,BY
83071,4,BY
83075,5,BY
83080,4,BY
83083,5,BY
83088,4,BY
8309,5,SN
83093,4,BY
83098,4,BY
83101,5,BY
83104,5,BY
83109,4,BY
83112,5,BY
83115,5,BY
83119,5,BY
83122,5,BY
83123,5,BY
83125,5,BY
83126,5,BY
83128,5,BY
83129,5,BY
83131,5,BY
83132,5,BY
83134,5,BY
83135,5,BY
83137,5,BY
83139,5,BY
8315,4,SN
83209,4,BY
8321,4,SN
83224,4,BY
83229,5,BY
83233,4,BY
83236,5,BY
8324,4,SN
83242,5,BY
83246,5,BY
83250,5,BY
83253,4,BY
83254,5,BY
83256,0,BY
83257,5,BY
83259,5,BY
83278,3,BY
8328,4,SN
83301,3,BY
83308,4,BY
83313,5,BY
83317,5,BY
83324,5,BY
83329,5,BY
83334,5,BY
83339,5,BY
83342,5,BY
83346,4,BY
83349,5,BY
83352,4,BY
83355,5,BY
83358,5,BY
83361,5,BY
83362,5,BY
83364,5,BY
83365,5,BY
83367,5,BY
83368,3,BY
83370,5,BY
83371,3,BY
83373,5,BY
83374,3,BY
83376,5,BY
83377,4,BY
83379,5,BY
83395,4,BY
8340,4,SN
83404,4,BY
83410,4,BY
83413,5,BY
83416,5,BY
83417,5,BY
83435,4,BY
8344,4,SN
83451,4,BY
83454,5,BY
83457,4,BY
83458,5,BY
83471,4,BY
83483,4,BY
83486,5,BY
83487,0,BY
8349,4,SN
83512,4,BY
8352,4,SN
83527,5,BY
83530,5,BY
83533,5,BY
83536,5,BY
83539,5,BY
83543,5,BY
83544,5,BY
83546,5,BY
83547,5,BY
83549,5,BY
83550,5,BY
83553,5,BY
83555,5,BY
83556,5,BY
83558,5,BY
83559,5,BY
83561,5,BY
83562,5,BY
83564,5,BY
83567,5,BY
83569,5,BY
8359,5,SN
83607,4,BY
83620,5,BY
83623,5,BY
83624,4,BY
83626,5,BY
83627,5,BY
83629,5,BY
83646,5,BY
83661,4,BY
83666,5,BY
83670,5,BY
83671,5,BY
83673,5,BY
83674,5,BY
83676,5,BY
83677,5,BY
83679,5,BY
83684,4,BY
83700,5,BY
83703,4,BY
83707,4,BY
83708,5,BY
8371,4,SN
83714,4,BY
83727,5,BY
8373,5,SN
83730,5,BY
83734,4,BY
83735,5,BY
83737,5,BY
8393,4,SN
8396,5,SN
84028,3,BY
84030,4,BY
84032,4,BY
84034,3,BY
84036,4,BY
84048,4,BY
84051,5,BY
84056,4,BY
84061,5,BY
84066,5,BY
84069,5,BY
84072,5,BY
84076,5,BY
84079,5,BY
84082,5,BY
84085,5,BY
84088,5,BY
84089,5,BY
84091,5,BY
84092,5,BY
84094,5,BY
84095,5,BY
84097,5,BY
84098,5,BY
84100,4,BY
84101,5,BY
84103,5,BY
84104,5,BY
84106,5,BY
84107,5,BY
84109,5,BY
8412,4,SN
84130,3,BY
84137,4,BY
84140,5,BY
84144,5,BY
84149,5,BY
84152,5,BY
84155,5,BY
84160,4,BY
84163,5,BY
84164,5,BY
84166,5,BY
84168,5,BY
84169,5,BY
84171,5,BY
84172,5,BY
84174,5,BY
84175,5,BY
84177,5,BY
84178,5,BY
84180,5,BY
84181,5,BY
84183,5,BY
84184,5,BY
84186,5,BY
84187,5,BY
84189,5,BY
8427,4,SN
8428,5,SN
84307,4,BY
84323,5,BY
84326,5,BY
84329,5,BY
84332,5,BY
84333,5,BY
84335,5,BY
84337,5,BY
84339,5,BY
84347,4,BY
84359,4,BY
84364,5,BY
84367,5,BY
84371,5,BY
84375,4,BY
84378,5,BY
84381,5,BY
84384,5,BY
84385,5,BY
84387,4,BY
84389,5,BY
84405,5,BY
84416,5,BY
84419,5,BY
84424,5,BY
84427,5,BY
84428,5,BY
84431,5,BY
84432,5,BY
84434,5,BY
84435,5,BY
84437,5,BY
84439,5,BY
84453,3,BY
84478,3,BY
84489,3,BY
84494,5,BY
84503,4,BY
84508,4,BY
8451,4,SN
84513,5,BY
84518,4,BY
84524,4,BY
84529,5,BY
84533,5,BY
84539,5,BY
84543,4,BY
84544,4,BY
84546,5,BY
84547,4,BY
84549,5,BY
84550,5,BY
84552,5,BY
84553,5,BY
84555,5,BY
84556,5,BY
84558,5,BY
84559,5,BY
84561,4,BY
84562,5,BY
84564,5,BY
84565,5,BY
84567,5,BY
84568,5,BY
84570,5,BY
84571,5,BY
84573,5,BY
84574,5,BY
84576,5,BY
84577,5,BY
84579,5,BY
8459,4,SN
8468,4,SN
8485,4,SN
8491,5,SN
8496,4,SN
8499,4,SN
85049,2,BY
85051,2,BY
85053,2,BY
85055,2,BY
85057,2,BY
85072,4,BY
85077,4,BY
85080,4,BY
85084,4,BY
85088,5,BY
85092,4,BY
85095,5,BY
85098,5,BY
85101,4,BY
85104,5,BY
85107,4,BY
85110,5,BY
85111,5,BY
85113,5,BY
85114,5,BY
85116,5,BY
85117,5,BY
85119,4,BY
85120,4,BY
85122,5,BY
85123,5,BY
85125,5,BY
85126,5,BY
85128,5,BY
85129,5,BY
85131,5,BY
85132,5,BY
85134,5,BY
85135,5,BY
85137,5,BY
85139,4,BY
85221,3,BY
85229,5,BY
8523,3,SN
85232,5,BY
85235,5,BY
85238,4,BY
85241,5,BY
85244,5,BY
85247,5,BY
8525,3,SN
85250,5,BY
85253,5,BY
85254,5,BY
85256,5,BY
85258,5,BY
85259,5,BY
8527,3,SN
85276,4,BY
85283,4,BY
8529,3,SN
85290,4,BY
85293,5,BY
85296,5,BY
85298,5,BY
85301,5,BY
85302,5,BY
85304,4,BY
85305,5,BY
85307,5,BY
85309,4,BY
85354,3,BY
85356,3,BY
85368,4,BY
85375,4,BY
85376,4,BY
8538,5,SN
85386,4,BY
8539,5,SN
85391,5,BY
85395,5,BY
85399,4,BY
85402,5,BY
85405,5,BY
85406,5,BY
85408,5,BY
8541,5,SN
85410,5,BY
85411,5,BY
85413,5,BY
85414,5,BY
85416,5,BY
85417,5,BY
85419,5,BY
8543,5,SN
85435,3,BY
85445,5,BY
85447,5,BY
85452,5,BY
85456,5,BY
85457,5,BY
85459,5,BY
85461,5,BY
85462,5,BY
85464,4,BY
85465,5,BY
85467,5,BY
85469,5,BY
8547,3,SN
8548,5,SN
85521,4,BY
85540,4,BY
85551,4,BY
85560,0,BY
85567,4,BY
85570,4,BY
85579,4,BY
85586,4,BY
85591,4,BY
85598,4,BY
85599,4,BY
85604,4,BY
85609,4,BY
85614,0,BY
85617,5,BY
85622,4,BY
85625,5,BY
85630,4,BY
85635,4,BY
85640,4,BY
85643,5,BY
85646,5,BY
85649,5,BY
85652,4,BY
85653,5,BY
85656,5,BY
85658,5,BY
85659,5,BY
85661,5,BY
85662,4,BY
85664,0,BY
85665,5,BY
85667,5,BY
85669,5,BY
85716,4,BY
85737,4,BY
85748,4,BY
85757,4,BY
85764,4,BY
85774,4,BY
85777,5,BY
85778,5,BY
8606,5,SN
86150,2,BY
86152,2,BY
86153,2,BY
86154,2,BY
86156,2,BY
86157,2,BY
86159,2,BY
86161,2,BY
86163,2,BY
86165,2,BY
86167,2,BY
86169,2,BY
86179,2,BY
86199,2,BY
8626,5,SN
86316,3,BY
86343,4,BY
86356,4,BY
86368,4,BY
86381,4,BY
86391,4,BY
86399,4,BY
86405,4,BY
86415,5,BY
86420,4,BY
86424,5,BY
86438,4,BY
86441,5,BY
86444,5,BY
86447,5,BY
8645,5,SN
86450,5,BY
86453,5,BY
86456,4,BY
86459,5,BY
86462,5,BY
86465,5,BY
86470,5,BY
86473,5,BY
86476,5,BY
86477,5,BY
86479,5,BY
8648,5,SN
86480,5,BY
86482,4,BY
86483,5,BY
86485,4,BY
86486,5,BY
86488,5,BY
86489,5,BY
86491,5,BY
86492,5,BY
86494,5,BY
86495,5,BY
86497,5,BY
86498,5,BY
86500,5,BY
86502,5,BY
86504,5,BY
86505,5,BY
86507,4,BY
86508,5,BY
86510,5,BY
86511,5,BY
86513,4,BY
86514,5,BY
86517,4,BY
86519,5,BY
86529,4,BY
86551,4,BY
86554,5,BY
86556,5,BY
86558,5,BY
86559,5,BY
86561,4,BY
86562,5,BY
86564,5,BY
86565,5,BY
86567,5,BY
86568,5,BY
86570,5,BY
86571,5,BY
86573,5,BY
86574,5,BY
86576,5,BY
86577,5,BY
86579,5,BY
86609,3,BY
86633,3,BY
86637,5,BY
86641,4,BY
86643,5,BY
86647,5,BY
86650,5,BY
86653,5,BY
86655,5,BY
86657,5,BY
86660,5,BY
86663,5,BY
86666,5,BY
86668,5,BY
86669,5,BY
86672,5,BY
86673,5,BY
86674,5,BY
86675,5,BY
86676,5,BY
86678,5,BY
86679,5,BY
86681,5,BY
86682,4,BY
86684,4,BY
86685,5,BY
86687,5,BY
86688,5,BY
86690,5,BY
86692,4,BY
86694,4,BY
86695,5,BY
86697,5,BY
86698,5,BY
86700,5,BY
86701,5,BY
86703,5,BY
86704,5,BY
86706,5,BY
86707,5,BY
86709,5,BY
86720,3,BY
86732,5,BY
86733,5,BY
86735,5,BY
86736,5,BY
86738,5,BY
86739,5,BY
86741,5,BY
86742,5,BY
86744,5,BY
86745,5,BY
86747,5,BY
86748,5,BY
86750,5,BY
86751,5,BY
86753,5,BY
86754,5,BY
86756,5,BY
86757,5,BY
86759,5,BY
86807,5,BY
86825,4,BY
86830,4,BY
86833,5,BY
86836,4,BY
86842,5,BY
86845,4,BY
86850,5,BY
86853,5,BY
86854,5,BY
86856,5,BY
86857,5,BY
86859,5,BY
86860,5,BY
86862,5,BY
86863,5,BY
86865,5,BY
86866,5,BY
86868,5,BY
86869,5,BY
86871,5,BY
86872,5,BY
86874,5,BY
86875,5,BY
86877,5,BY
86879,5,BY
86899,3,BY
86911,4,BY
86916,4,BY
86919,4,BY
86920,5,BY
86922,5,BY
86923,5,BY
86925,5,BY
86926,5,BY
86928,5,BY
86929,5,BY
86931,5,BY
86932,5,BY
86934,5,BY
86935,5,BY
86937,5,BY
86938,5,BY
86940,5,BY
86941,5,BY
86943,5,BY
86944,5,BY
86946,5,BY
86947,5,BY
86949,5,BY
86956,4,BY
86971,4,BY
86972,5,BY
86974,5,BY
86975,5,BY
86977,5,BY
86978,5,BY
86980,5,BY
86981,5,BY
86983,5,BY
86984,5,BY
86986,5,BY
86987,5,BY
86989,5,BY
87435,3,BY
87437,3,BY
87439,3,BY
87448,4,BY
87452,5,BY
87459,4,BY
87463,4,BY
87466,5,BY
87471,4,BY
87474,5,BY
87477,5,BY
87480,5,BY
87484,5,BY
87487,5,BY
87488,5,BY
87490,4,BY
87493,4,BY
87494,5,BY
87496,5,BY
87497,5,BY
87499,5,BY
87509,4,BY
87527,3,BY
87534,5,BY
87538,5,BY
87541,5,BY
87544,4,BY
87545,4,BY
87547,5,BY
87549,5,BY
87561,4,BY
87600,3,BY
87616,3,BY
87629,4,BY
87634,5,BY
87637,5,BY
87640,5,BY
87642,5,BY
87645,5,BY
87647,5,BY
87648,5,BY
87650,5,BY
87651,5,BY
87653,5,BY
87654,5,BY
87656,4,BY
87657,5,BY
87659,5,BY
87660,5,BY
87662,5,BY
87663,5,BY
87665,5,BY
87666,5,BY
87668,5,BY
87669,5,BY
87671,5,BY
87672,5,BY
87674,5,BY
87675,5,BY
87677,5,BY
87679,5,BY
87700,3,BY
87719,4,BY
87724,4,BY
87727,5,BY
87730,5,BY
87733,5,BY
87734,5,BY
87736,4,BY
87737,5,BY
87739,5,BY
87740,4,BY
87742,5,BY
87743,5,BY
87745,5,BY
87746,5,BY
87748,5,BY
87749,4,BY
87751,5,BY
87752,5,BY
87754,5,BY
87755,5,BY
87757,5,BY
87758,5,BY
87760,5,BY
87761,5,BY
87763,5,BY
87764,5,BY
87766,5,BY
87767,5,BY
87769,5,BY
87770,5,BY
87772,5,BY
87773,5,BY
87775,5,BY
87776,5,BY
87778,5,BY
87779,5,BY
87781,5,BY
87782,5,BY
87784,5,BY
87785,5,BY
87787,5,BY
87789,5,BY
88045,3,BW
88046,3,BW
88048,3,BW
88069,4,BW
88074,4,BW
88079,4,BW
88085,4,BW
88090,3,BW
88094,5,BW
88097,4,BW
88099,4,BW
88131,3,BY
88138,5,BY
88142,4,BY
88145,5,BY
88147,3,BW
88149,4,BY
88161,4,BY
88167,5,BY
88171,4,BY
88175,4,BY
88178,4,BY
88179,5,BY
88212,3,BW
88213,3,BW
88214,3,BW
88239,3,BW
88250,3,BW
88255,3,BW
88260,5,BW
88263,5,BW
88267,5,BW
88271,5,BW
88273,5,BW
88276,3,BW
88279,3,BW
88281,5,BW
88284,5,BW
88285,3,BW
88287,5,BW
88289,5,BW
88299,3,BW
88316,4,BW
88317,3,BW
88319,3,BW
88326,4,BW
88339,3,BW
88348,4,BW
88353,5,BW
88356,5,BW
88361,5,BW
88364,5,BW
88367,5,BW
88368,3,BW
88370,5,BW
88371,5,BW
88373,5,BW
88374,5,BW
88376,5,BW
88377,5,BW
88379,5,BW
88400,3,BW
88410,5,BW
88416,5,BW
88422,5,BW
88427,4,BW
88430,5,BW
88433,5,BW
88436,3,BW
88437,3,BW
88441,3,BW
88444,3,BW
88447,3,BW
88448,3,BW
88450,5,BW
88451,5,BW
88453,5,BW
88454,3,BW
88456,4,BW
88457,5,BW
88459,5,BW
88471,4,BW
88477,5,BW
88480,4,BW
88481,4,BW
88483,4,BW
88484,5,BW
88486,5,BW
88487,4,BW
88489,5,BW
88499,5,BW
88512,5,BW
88515,5,BW
88518,4,BW
88521,5,BW
88524,5,BW
88525,5,BW
88527,5,BW
88529,5,BW
88605,5,BW
88630,5,BW
88631,5,BW
88633,5,BW
88634,5,BW
88636,5,BW
88637,5,BW
88639,5,BW
88662,4,BW
88677,5,BW
88682,5,BW
88690,4,BW
88693,5,BW
88696,4,BW
88697,5,BW
88699,5,BW
88709,4,BW
88718,4,BW
88719,4,BW
89073,2,BW
89075,2,BW
89077,2,BW
89079,2,BW
89081,2,BW
89129,5,BW
89134,4,BW
89143,4,BW
89150,5,BW
89155,4,BW
89160,5,BW
89165,4,BW
89168,4,BW
89171,5,BW
89173,5,BW
89174,5,BW
89176,5,BW
89177,5,BW
89179,5,BW
89180,4,BW
89182,5,BW
89183,5,BW
89185,5,BW
89186,4,BW
89188,5,BW
89189,5,BW
89191,5,BW
89192,5,BW
89194,5,BW
89195,5,BW
89197,5,BW
89198,5,BW
89231,3,BY
89233,3,BY
89250,4,BY
89257,4,BY
89264,4,BY
89269,4,BY
89275,4,BY
89278,4,BY
89281,5,BY
89284,5,BY
89287,4,BY
89290,5,BY
89291,5,BY
89293,5,BY
89294,5,BY
89296,5,BY
89297,5,BY
89299,5,BY
89312,4,BY
89331,4,BY
89335,4,BY
89340,4,BY
89343,5,BY
89344,5,BY
89346,5,BY
89347,5,BY
89349,5,BY
89350,5,BY
89352,4,BY
89353,5,BY
89355,5,BY
89356,5,BY
89358,5,BY
89359,5,BY
89361,5,BY
89362,5,BY
89364,5,BY
89365,5,BY
89367,4,BY
89368,5,BY
89407,3,BY
89415,4,BY
89420,5,BY
89423,4,BY
89426,5,BY
89428,5,BY
89429,5,BY
89431,4,BY
89434,5,BY
89435,5,BY
89437,4,BY
89438,5,BY
89440,5,BY
89441,4,BY
89443,5,BY
89446,5,BY
89447,5,BY
89518,3,BW
89520,3,BW
89522,3,BW
89537,4,BW
89542,4,BW
89547,5,BW
89551,5,BW
89555,5,BW
89558,5,BW
89561,5,BW
89564,3,BW
89567,5,BW
89568,4,BW
89584,3,BW
89597,5,BW
89601,5,BW
89604,5,BW
89605,5,BW
89607,5,BW
89608,3,BW
89610,3,BW
89611,5,BW
89613,5,BW
89614,3,BW
89616,5,BW
89617,5,BW
89619,5,BW
90402,1,BY
90403,1,BY
90408,1,BY
90409,1,BY
90411,0,BY
90419,1,BY
90425,1,BY
90427,1,BY
90429,1,BY
90431,1,BY
90439,1,BY
90441,1,BY
90443,1,BY
90449,1,BY
90451,1,BY
90453,1,BY
90455,0,BY
90459,1,BY
90461,1,BY
90469,1,BY
90471,1,BY
90473,1,BY
90475,0,BY
90478,1,BY
90480,1,BY
90482,1,BY
90489,1,BY
90491,1,BY
90513,4,BY
90518,4,BY
90522,4,BY
90530,4,BY
90537,0,BY
90542,4,BY
90547,4,BY
90552,4,BY
90556,4,BY
90559,4,BY
90562,0,BY
90571,0,BY
90574,4,BY
90579,4,BY
90584,4,BY
90587,4,BY
90592,4,BY
90596,4,BY
90599,5,BY
90602,5,BY
90607,0,BY
90610,5,BY
90613,5,BY
90614,5,BY
90616,5,BY
90617,5,BY
90619,5,BY
90762,2,BY
90763,2,BY
90765,2,BY
90766,2,BY
90768,2,BY
91052,2,BY
91054,2,BY
91056,2,BY
91058,2,BY
91074,4,BY
91077,4,BY
91080,4,BY
91083,4,BY
91085,5,BY
91086,4,BY
91088,4,BY
91090,4,BY
91091,4,BY
91093,2,BY
91094,4,BY
91096,4,BY
91097,4,BY
91099,4,BY
9111,2,SN
9112,2,SN
91126,3,BY
9113,2,SN
9114,2,SN
91154,4,BY
9116,2,SN
91161,4,BY
91166,5,BY
9117,2,SN
91171,5,BY
91174,5,BY
91177,5,BY
91180,5,BY
91183,5,BY
91186,4,BY
91187,5,BY
91189,5,BY
9119,2,SN
9120,2,SN
91207,4,BY
91217,4,BY
9122,2,SN
91220,4,BY
91224,5,BY
91227,5,BY
9123,2,SN
91230,5,BY
91233,4,BY
91235,5,BY
91236,5,BY
91238,5,BY
91239,5,BY
91241,5,BY
91242,4,BY
91244,4,BY
91245,5,BY
91247,5,BY
91249,5,BY
9125,2,SN
91257,4,BY
9126,2,SN
9127,2,SN
91275,5,BY
91278,5,BY
9128,2,SN
91281,5,BY
91282,5,BY
91284,5,BY
91286,5,BY
91287,5,BY
91289,5,BY
9130,2,SN
91301,3,BY
9131,2,SN
91315,4,BY
91320,4,BY
91322,4,BY
91325,5,BY
91327,5,BY
91330,5,BY
91332,5,BY
91334,4,BY
91336,4,BY
91338,5,BY
91341,4,BY
91344,5,BY
91346,5,BY
91347,5,BY
91349,5,BY
91350,5,BY
91352,5,BY
91353,4,BY
91355,4,BY
91356,5,BY
91358,5,BY
91359,5,BY
91361,5,BY
91362,5,BY
91364,4,BY
91365,5,BY
91367,4,BY
91369,5,BY
91413,4,BY
91438,4,BY
91443,5,BY
91448,5,BY
91452,5,BY
91456,5,BY
91459,5,BY
91460,5,BY
91462,5,BY
91463,5,BY
91465,5,BY
91466,5,BY
91468,5,BY
91469,5,BY
91471,5,BY
91472,5,BY
91474,5,BY
91475,5,BY
91477,5,BY
91478,5,BY
91480,5,BY
91481,5,BY
91483,5,BY
91484,5,BY
91486,5,BY
91487,5,BY
91489,5,BY
91522,3,BY
91541,4,BY
91550,4,BY
91555,5,BY
91560,4,BY
91564,4,BY
91567,5,BY
91572,5,BY
91575,5,BY
91578,5,BY
91580,5,BY
91583,5,BY
91586,5,BY
91587,5,BY
91589,5,BY
91590,5,BY
91592,5,BY
91593,5,BY
91595,5,BY
91596,5,BY
91598,5,BY
91599,5,BY
91601,5,BY
91602,5,BY
91604,5,BY
91605,5,BY
91607,5,BY
91608,5,BY
91610,5,BY
91611,5,BY
91613,5,BY
91614,5,BW
91616,5,BY
91617,5,BY
91619,5,BY
91620,5,BY
91622,5,BY
91623,5,BY
91625,5,BY
91626,5,BY
91628,5,BY
91629,5,BY
91631,5,BY
91632,5,BY
91634,5,BY
91635,5,BY
91637,5,BY
91639,5,BY
91710,4,BY
91717,5,BY
91719,5,BY
91720,5,BY
91722,0,BY
91723,5,BY
91725,5,BY
91726,5,BY
91728,5,BY
91729,5,BY
91731,5,BY
91732,5,BY
91734,5,BY
91735,5,BY
91737,5,BY
91738,5,BY
91740,5,BY
91741,5,BY
91743,5,BY
91744,5,BY
91746,5,BY
91747,5,BY
91749,5,BY
91757,5,BY
91781,3,BY
91785,5,BY
91788,5,BY
91790,5,BY
91792,5,BY
91793,5,BY
91795,5,BY
91796,5,BY
91798,5,BY
91799,5,BY
91801,5,BY
91802,5,BY
91804,5,BY
91805,5,BY
91807,5,BY
91809,5,BY
9212,4,SN
9217,4,SN
9221,4,SN
92224,3,BY
92237,3,BY
9224,2,SN
92242,5,BY
92245,4,BY
92249,5,BY
92253,5,BY
92256,5,BY
92259,5,BY
92260,5,BY
92262,5,BY
92263,5,BY
92265,5,BY
92266,5,BY
92268,5,BY
92269,5,BY
92271,5,BY
92272,5,BY
92274,5,BY
92275,5,BY
92277,5,BY
92278,5,BY
9228,2,SN
92280,5,BY
92281,5,BY
92283,5,BY
92284,5,BY
92286,5,BY
92287,5,BY
92289,5,BY
92318,3,BY
9232,4,SN
92331,4,BY
92334,5,BY
92339,5,BY
92342,5,BY
92345,5,BY
92348,5,BY
9235,5,SN
92353,4,BY
92355,5,BY
92358,5,BY
9236,4,SN
92360,5,BY
92361,5,BY
92363,5,BY
92364,5,BY
92366,5,BY
92367,5,BY
92369,5,BY
9241,4,SN
92421,3,BY
9243,4,SN
92431,5,BY
92436,4,BY
92439,5,BY
9244,4,SN
92442,4,BY
92444,5,BY
92445,5,BY
92447,5,BY
92449,4,BY
9247,2,SN
9249,4,SN
92507,5,BY
92521,5,BY
92526,5,BY
92533,5,BY
92536,5,BY
92539,5,BY
92540,5,BY
92542,5,BY
92543,5,BY
92545,5,BY
92546,5,BY
92548,5,BY
92549,5,BY
92551,5,BY
92552,5,BY
92554,5,BY
92555,5,BY
92557,5,BY
92559,5,BY
92637,3,BY
92648,5,BY
92655,4,BY
92660,4,BY
92665,5,BY
92670,5,BY
92676,5,BY
92681,5,BY
92685,5,BY
92690,5,BY
92693,5,BY
92694,5,BY
92696,5,BY
92697,5,BY
92699,5,BY
92700,5,BY
92702,5,BY
92703,5,BY
92705,5,BY
92706,5,BY
92708,0,BY
92709,5,BY
92711,5,BY
92712,5,BY
92714,5,BY
92715,5,BY
92717,5,BY
92718,5,BY
92720,5,BY
92721,5,BY
92723,5,BY
92724,5,BY
92726,5,BY
92727,5,BY
92729,5,BY
93047,2,BY
93049,2,BY
93051,2,BY
93053,2,BY
93055,2,BY
93057,2,BY
93059,2,BY
9306,5,SN
93073,4,BY
93077,4,BY
93080,4,BY
93083,4,BY
93086,5,BY
93087,5,BY
93089,5,BY
93090,5,BY
93092,4,BY
93093,5,BY
93095,5,BY
93096,5,BY
93098,5,BY
93099,5,BY
93101,5,BY
93102,5,BY
93104,5,BY
93105,4,BY
93107,5,BY
93109,0,BY
93128,4,BY
93133,4,BY
93138,4,BY
93142,4,BY
93149,4,BY
93152,4,BY
93155,5,BY
93158,4,BY
93161,5,BY
93164,5,BY
93167,5,BY
93170,5,BY
93173,4,BY
93176,5,BY
93177,5,BY
93179,5,BY
93180,5,BY
93182,5,BY
93183,5,BY
93185,5,BY
93186,5,BY
93188,5,BY
93189,5,BY
93191,5,BY
93192,5,BY
93194,5,BY
93195,5,BY
93197,4,BY
93199,5,BY
9322,5,SN
9326,5,SN
9328,5,SN
93309,4,BY
93326,4,BY
93333,5,BY
93336,5,BY
93339,5,BY
93342,5,BY
93343,4,BY
93345,5,BY
93346,4,BY
93348,5,BY
93349,5,BY
93351,5,BY
93352,5,BY
93354,5,BY
93356,5,BY
93358,5,BY
93359,5,BY
9337,4,SN
93413,3,BY
93426,4,BY
93437,4,BY
93444,4,BY
93449,5,BY
93453,5,BY
93455,5,BY
93458,5,BY
93462,5,BY
93464,5,BY
93466,5,BY
93468,5,BY
93470,5,BY
93471,5,BY
93473,5,BY
93474,5,BY
93476,5,BY
93477,5,BY
93479,5,BY
93480,5,BY
93482,5,BY
93483,5,BY
93485,5,BY
93486,5,BY
93488,5,BY
93489,5,BY
93491,5,BY
93492,5,BY
93494,5,BY
93495,5,BY
93497,4,BY
93499,5,BY
9350,4,SN
9353,4,SN
9355,4,SN
9356,4,SN
9366,4,SN
9376,4,SN
9380,4,SN
9385,5,SN
9387,5,SN
9390,5,SN
9392,5,SN
9394,4,SN
9399,5,SN
94032,3,BY
94034,3,BY
94036,3,BY
9405,4,SN
94051,4,BY
94060,4,BY
94065,4,BY
94072,5,BY
94078,4,BY
94081,5,BY
94086,4,BY
94089,5,BY
94094,5,BY
94099,5,BY
94104,5,BY
94107,5,BY
94110,5,BY
94113,4,BY
94116,5,BY
94118,5,BY
94121,4,BY
94124,5,BY
94127,5,BY
94130,5,BY
94133,5,BY
94136,5,BY
94137,5,BY
94139,5,BY
94140,5,BY
94142,5,BY
94143,5,BY
94145,0,BY
94146,5,BY
94148,5,BY
94149,5,BY
94151,5,BY
94152,5,BY
94154,5,BY
94157,5,BY
94158,5,BY
94160,5,BY
94161,5,BY
94163,5,BY
94164,5,BY
94166,5,BY
94167,5,BY
94169,5,BY
9419,4,SN
94209,4,BY
94227,5,BY
9423,4,SN
94234,4,BY
94239,5,BY
94244,4,BY
94249,5,BY
94250,5,BY
94252,5,BY
94253,5,BY
94255,5,BY
94256,5,BY
94258,5,BY
94259,5,BY
94261,5,BY
94262,5,BY
94264,5,BY
94265,5,BY
94267,5,BY
94269,5,BY
9427,4,SN
9429,5,SN
9430,5,SN
94315,3,BY
9432,5,SN
94327,4,BY
94330,5,BY
94333,5,BY
94336,5,BY
94339,5,BY
9434,4,SN
94342,5,BY
94344,5,BY
94345,5,BY
94347,5,BY
94348,5,BY
94350,5,BY
94351,5,BY
94353,5,BY
94354,5,BY
94356,5,BY
94357,5,BY
94359,5,BY
94360,5,BY
94362,5,BY
94363,5,BY
94365,5,BY
94366,5,BY
94368,5,BY
94369,5,BY
9437,5,SN
94371,5,BY
94372,5,BY
94374,5,BY
94375,5,BY
94377,5,BY
94379,5,BY
9439,5,SN
94405,4,BY
94419,5,BY
94424,5,BY
94428,5,BY
94431,5,BY
94436,5,BY
94437,5,BY
94439,5,BY
94447,4,BY
94469,3,BY
94474,4,BY
94481,4,BY
94486,5,BY
94491,4,BY
94496,5,BY
94501,5,BY
94505,5,BY
94508,5,BY
94513,5,BY
94518,5,BY
94522,5,BY
94526,4,BY
94527,5,BY
94529,5,BY
94530,5,BY
94532,5,BY
94533,5,BY
94535,5,BY
94536,5,BY
94538,5,BY
94539,5,BY
94541,5,BY
94542,5,BY
94544,5,BY
94545,5,BY
94547,5,BY
94548,5,BY
94550,5,BY
94551,5,BY
94553,5,BY
94554,5,BY
94556,5,BY
94557,4,BY
94559,5,BY
9456,5,SN
94560,4,BY
94562,5,BY
94563,5,BY
94566,5,BY
94568,5,BY
94569,5,BY
94571,5,BY
94572,5,BY
94574,5,BY
94575,5,BY
94577,5,BY
94579,5,BY
9465,4,SN
9468,5,SN
9471,5,SN
9474,5,SN
9477,5,SN
9481,4,SN
9484,5,SN
9487,5,SN
9488,5,SN
9496,4,SN
95028,3,BY
95030,3,BY
95032,3,BY
9509,4,SN
95100,4,BY
95111,4,BY
95119,4,BY
95126,4,BY
95131,5,BY
95138,5,BY
9514,4,SN
95145,4,BY
95152,4,BY
95158,5,BY
95163,0,BY
95168,5,BY
95173,4,BY
95176,5,BY
95179,0,BY
9518,5,SN
95180,5,BY
95182,4,BY
95183,5,BY
95185,5,BY
95186,5,BY
95188,5,BY
95189,5,BY
95191,5,BY
95192,5,BY
95194,5,BY
95195,5,BY
95197,5,BY
95199,5,BY
95213,4,BY
95233,4,BY
95234,5,BY
95236,5,BY
95237,5,BY
95239,5,BY
9526,4,SN
95326,3,BY
95336,4,BY
95339,5,BY
95346,5,BY
95349,5,BY
95352,5,BY
95355,5,BY
95356,5,BY
95358,5,BY
95359,5,BY
95361,5,BY
95362,5,BY
95364,5,BY
95365,5,BY
95367,5,BY
95369,5,BY
9544,5,SN
95444,3,BY
95445,3,BY
95447,3,BY
95448,3,BY
95460,5,BY
95463,4,BY
95466,5,BY
95469,5,BY
95473,5,BY
95478,5,BY
9548,5,SN
95482,5,BY
95485,5,BY
95488,4,BY
95490,5,BY
95491,5,BY
95493,5,BY
95494,5,BY
95496,0,BY
95497,5,BY
95499,5,BY
95500,4,BY
95502,5,BY
95503,5,BY
95505,5,BY
95506,5,BY
95508,5,BY
95509,5,BY
95511,5,BY
95512,5,BY
95514,5,BY
95515,5,BY
95517,5,BY
95519,5,BY
9557,4,SN
95615,3,BY
95632,4,BY
95643,4,BY
95652,4,BY
95659,5,BY
95666,5,BY
95671,5,BY
95676,5,BY
95679,5,BY
95680,5,BY
95682,5,BY
95683,5,BY
95685,5,BY
95686,5,BY
95688,5,BY
95689,5,BY
9569,5,SN
95691,5,BY
95692,5,BY
95694,5,BY
95695,5,BY
95697,5,BY
95698,5,BY
95700,5,BY
95701,5,BY
95703,5,BY
95704,5,BY
95706,5,BY
95707,5,BY
95709,5,BY
9573,5,SN
9575,5,SN
9577,4,SN
9579,5,SN
9599,3,SN
9600,5,SN
9603,5,SN
96047,3,BY
96049,3,BY
96050,3,BY
96052,3,BY
96103,4,BY
96106,4,BY
96110,5,BY
96114,4,BY
96117,4,BY
96120,4,BY
96123,5,BY
96126,5,BY
96129,5,BY
96132,5,BY
96135,4,BY
96138,5,BY
96142,5,BY
96145,5,BY
96146,5,BY
96148,5,BY
96149,4,BY
96151,5,BY
96152,5,BY
96154,5,BY
96155,5,BY
96157,0,BY
96158,5,BY
96160,5,BY
96161,5,BY
96163,4,BY
96164,4,BY
96166,5,BY
96167,5,BY
96169,5,BY
96170,5,BY
96172,5,BY
96173,5,BY
96175,5,BY
96176,4,BY
96178,5,BY
96179,5,BY
9618,4,SN
96181,5,BY
96182,5,BY
96184,4,BY
96185,5,BY
96187,5,BY
96188,5,BY
9619,5,SN
96190,5,BY
96191,4,BY
96193,5,BY
96194,4,BY
96196,5,BY
96197,5,BY
96199,4,BY
96215,3,BY
96224,4,BY
9623,5,SN
96231,4,BY
96237,5,BY
96242,4,BY
96247,4,BY
96250,5,BY
96253,5,BY
96257,5,BY
96260,5,BY
96264,4,BY
96268,5,BY
96269,5,BY
9627,5,SN
96271,5,BY
96272,4,BY
96274,5,BY
96275,4,BY
96277,5,BY
96279,4,BY
9629,5,SN
96317,3,BY
96328,4,BY
9633,5,SN
96332,5,BY
96337,5,BY
9634,5,SN
96342,4,BY
96346,5,BY
96349,5,BY
96352,5,BY
96355,5,BY
96358,5,BY
96361,5,BY
96364,4,BY
96365,5,BY
96367,5,BY
96369,5,BY
9638,5,SN
96450,3,BY
96465,4,BY
96472,4,BY
96476,5,BY
96479,4,BY
9648,4,SN
96482,4,BY
96484,5,BY
96486,5,BY
96487,4,BY
96489,5,BY
96515,5,TH
96523,5,TH
96524,5,TH
96528,5,TH
9661,5,SN
9669,4,SN
97070,2,BY
97072,2,BY
97074,2,BY
97076,2,BY
97078,2,BY
97080,2,BY
97082,2,BY
97084,2,BY
97199,4,BY
97204,4,BY
97209,4,BY
97215,5,BY
97218,4,BY
97222,0,BY
97225,4,BY
97228,5,BY
97230,5,BY
97232,5,BY
97234,5,BY
97236,4,BY
97237,5,BY
97239,5,BY
97241,5,BY
97243,5,BY
97244,5,BY
97246,5,BY
97247,5,BY
97249,4,BY
97250,4,BY
97252,5,BY
97253,5,BY
97255,5,BY
97256,5,BY
97258,5,BY
97259,5,BY
97261,5,BY
97262,5,BY
97264,5,BY
97265,5,BY
97267,4,BY
97268,5,BY
97270,0,BY
97271,5,BY
97273,5,BY
97274,5,BY
97276,4,BY
97277,5,BY
97279,5,BY
97280,5,BY
97282,4,BY
97283,5,BY
97285,5,BY
97286,5,BY
97288,5,BY
97289,4,BY
97291,4,BY
97292,5,BY
97294,5,BY
97295,5,BY
97297,5,BY
97299,4,BY
97318,4,BY
97320,5,BY
97332,4,BY
97334,4,BY
97337,5,BY
97340,5,BY
97342,5,BY
97346,5,BY
97348,5,BY
97350,5,BY
97353,5,BY
97355,5,BY
97357,5,BY
97359,5,BY
97421,3,BY
97422,3,BY
97424,3,BY
97437,4,BY
97440,5,BY
97447,5,BY
97450,5,BY
97453,5,BY
97456,5,BY
97461,5,BY
97464,4,BY
97469,4,BY
97475,5,BY
97478,5,BY
97483,5,BY
97486,5,BY
97488,5,BY
97490,5,BY
97491,5,BY
97493,4,BY
97494,5,BY
97496,5,BY
97497,5,BY
97499,5,BY
97500,5,BY
97502,5,BY
97503,5,BY
97505,4,BY
97506,4,BY
97508,5,BY
97509,5,BY
97511,5,BY
97513,5,BY
97514,5,BY
97516,5,BY
97517,5,BY
97519,5,BY
97520,4,BY
97522,5,BY
97523,5,BY
97525,5,BY
97526,4,BY
97528,5,BY
97529,5,BY
97531,5,BY
97532,5,BY
97534,5,BY
97535,5,BY
97537,5,BY
97539,5,BY
97616,3,BY
97618,5,BY
97631,5,BY
97633,5,BY
97638,5,BY
97640,5,BY
97645,5,BY
97647,5,BY
97650,5,BY
97653,5,BY
97654,5,BY
97656,5,BY
97657,5,BY
97659,5,BY
97688,3,BY
97702,5,BY
97705,5,BY
97708,5,BY
97711,5,BY
97714,5,BY
97717,5,BY
97720,4,BY
97723,5,BY
97724,5,BY
97725,5,BY
97727,5,BY
97729,5,BY
97737,4,BY
97753,4,BY
97762,5,BY
97769,5,BY
97772,5,BY
97773,0,BY
97775,5,BY
97776,5,BY
97778,5,BY
97779,5,BY
97780,5,BY
97782,5,BY
97783,5,BY
97785,5,BY
97786,5,BY
97788,5,BY
97789,5,BY
97791,5,BY
97792,5,BY
97794,5,BY
97795,5,BY
97797,5,BY
97799,5,BY
97816,3,BY
97828,4,BY
97833,0,BY
97834,5,BY
97836,5,BY
97837,5,BY
97839,5,BY
97840,0,BY
97842,5,BY
97843,0,BY
97845,5,BY
97846,5,BY
97848,5,BY
97849,5,BY
97851,5,BY
97852,4,BY
97854,5,BY
97855,5,BY
97857,5,BY
97859,5,BY
97877,3,BW
97892,4,BY
97896,5,BW
97900,5,BW
97901,5,BY
97903,5,BY
97904,5,BY
97906,5,BY
97907,4,BY
97909,5,BY
97922,4,BW
97941,5,BW
97944,5,BW
97947,5,BW
97950,5,BW
97953,5,BW
97956,5,BY
97957,5,BW
97959,3,BW
97980,3,BW
97990,5,BW
97993,5,BW
97996,5,BW
97999,3,BW
98527,3,TH
98528,3,TH
98529,3,TH
98530,5,TH
98544,4,TH
98547,5,TH
98553,5,TH
98559,4,TH
98574,3,TH
98587,4,TH
98590,5,TH
98593,5,TH
98596,5,TH
98597,5,TH
98617,3,TH
98630,5,TH
98631,5,TH
98634,5,TH
98639,3,TH
98646,4,TH
98660,0,TH
98663,0,TH
98666,5,TH
98667,5,TH
98669,5,TH
98673,5,TH
98693,3,TH
98694,3,TH
98701,0,TH
98716,4,TH
98724,4,TH
98743,5,TH
98744,0,TH
98746,0,TH
99084,2,TH
99085,2,TH
99086,2,TH
99087,2,TH
99089,2,TH
99090,2,TH
99091,2,TH
99092,2,TH
99094,2,TH
99095,2,TH
99096,2,TH
99097,2,TH
99098,2,TH
99099,2,TH
99100,5,TH
99102,5,TH
99189,5,TH
99192,5,TH
99195,0,TH
99198,0,TH
99310,0,TH
99326,5,TH
99330,0,TH
99331,0,TH
99334,0,TH
99338,0,TH
99423,3,TH
99425,3,TH
99427,3,TH
99428,0,TH
99438,5,TH
99439,0,TH
99441,5,TH
99444,5,TH
99448,5,TH
99510,0,TH
99518,5,TH
99610,4,TH
99625,5,TH
99628,0,TH
99631,5,TH
99634,5,TH
99636,5,TH
99638,0,TH
99706,3,TH
99707,5,TH
99713,5,TH
99718,5,TH
99734,3,TH
99735,5,TH
99752,0,TH
99755,5,NI
99759,0,TH
99765,5,TH
99768,4,TH
99817,3,TH
99819,5,TH
99820,5,TH
99826,5,TH
99830,5,TH
99831,0,TH
99834,5,TH
99837,0,TH
99842,4,TH
99846,4,TH
99848,4,TH
99867,3,TH
99869,3,TH
99880,4,TH
99885,5,TH
99887,0,TH
99891,5,TH
99894,4,TH
99897,0,TH
99947,4,TH
99955,5,TH
99958,5,TH
99974,3,TH
99976,5,TH
99986,5,TH
99988,4,TH
99991,0,TH
99994,0,TH
99996,5,TH
99998,3,TH