33.5562	50.6367
-4.8512	55.5184
32.8218	46.6800
4.5152	16.2639
-41.9269	36.1353
34.6911	41.6903
-40.2945	-37.9587
20.9603	-37.9279
-24.1702	-29.5963
35.4204	48.9536
19.0376	24.0746
-22.4411	25.8900
-19.4166	49.6960
18.2555	-9.3818
32.1896	49.7850
-4.9166	57.0642
32.6302	48.3528
-20.1535	30.6643
-17.2657	14.1343
50.0926	-9.4046
-37.1344	24.5693
21.7687	-46.4449
13.2753	32.9791
-2.8276	56.3863
-26.7108	-4.9878
23.1438	56.5389
-13.0098	38.1488
28.7621	10.2510
-13.1863	-12.7626
-23.4420	-1.0140
11.8263	-38.2972
28.7753	26.0026
36.1390	16.5310
-6.6966	-19.6075
7.7376	41.9695
0.3015	60.5362
5.0367	20.4410
18.5750	-21.7571
-45.2284	8.8831
-33.4525	-2.4098
-20.9246	-16.6058
33.6301	-31.7013
17.7312	-40.4057
35.7755	20.3301
10.4776	-26.0043
-6.4358	-5.3671
20.0075	-40.0460
-44.9060	13.1991
19.3449	45.2474
18.2042	45.8442
28.6475	-27.2070
15.5603	22.6570
33.7616	15.1526
-40.1341	-30.5296
-27.2324	-40.3063
-19.1044	29.4028
33.2606	23.5877
-5.1889	38.6994
-19.0453	28.1604
1.4080	49.3972
19.1557	-50.9834
5.2196	3.0651
-28.7325	-2.2471
-39.6126	-22.7693
37.2620	-12.4584
-14.2833	-30.8733
32.7658	-24.4256
36.2911	30.7059
-53.3424	21.8947
-8.6166	-12.6720
40.2769	-18.4759
21.6091	58.2485
-62.7501	-18.8724
9.7172	21.6683
25.0764	-32.2805
6.9816	13.4949
12.4775	5.6415
21.7714	-33.7761
23.7584	56.2888
-45.1270	-10.9019
37.4080	4.8228
-35.2866	8.5736
-24.8745	-0.6453
-22.7441	-13.6137
-24.9778	13.1622
-39.7020	-31.2963
21.0285	17.9979
-42.2772	-39.8478
36.1696	50.3789
-41.8608	-40.5268
22.7871	57.5632
-21.2698	-27.2855
-30.6204	40.3326
32.1082	-14.1515
5.9915	21.1391
-27.6217	8.0007
-27.2371	-40.2969
34.9835	48.4263
-4.6633	22.6154
17.1895	-38.0141
10.8392	-27.7441
-58.8124	9.5094
-45.0839	-27.8260
49.4588	19.2250
36.1340	46.9924
18.9428	-43.9423
-48.0402	-5.2602
17.4273	1.6644
21.3839	12.7556
-14.1864	1.8035
54.0998	-3.1442
-5.3869	-20.0885
-27.5382	-27.9304
-20.5426	-15.0222
-28.2557	-8.9335
3.6710	19.6724
-20.5985	53.2734
-14.0119	-11.8254
19.1249	-26.7826
-42.6921	-26.4691
-1.2720	-45.4463
-21.8301	-9.4606
-5.6302	-31.7240
-8.8949	44.9877
14.4743	-20.5584
-16.8512	20.7677
40.7465	-27.8352
-15.0590	42.3300
0.8681	48.1507
10.6106	-12.7997
6.8958	8.2284
20.2397	45.8422
19.5507	44.1344
-19.0539	31.6495
32.7929	12.1206
-11.8145	0.6176
37.6573	-32.7487
25.0402	57.8800
29.0655	17.0242
-18.8590	31.2366
39.4678	19.9983
34.0327	-21.9711
1.9218	-43.1721
53.6076	-29.8506
44.4341	1.5133
12.2131	-32.1973
-55.7475	13.7716
-8.8444	-19.9779
-6.3514	-17.8319
49.7652	20.2515
26.2490	5.2556
-7.1827	-12.7423
-42.3058	-10.7046
-4.3178	19.1139
14.1185	-40.9606
-9.3169	20.0817
-46.1674	-5.0373
22.4113	32.4429
45.1248	-18.2204
11.3376	12.7629
16.4454	-37.8190
-19.9953	52.2160
-20.6544	55.5739
-1.0172	50.9703
3.7389	30.7325
-7.1934	-15.5432
-35.8867	1.5896
-19.0529	53.1818
-17.4378	3.9130
24.1183	-48.3415
-49.2614	-28.1048
-45.3764	-4.3841
-40.2574	7.7903
-30.3661	-27.6585
-3.4297	57.2264
-17.1667	55.0021
24.9035	18.5241
39.4865	20.4102
4.4904	-19.7318
-44.6092	-25.3500
-19.6813	-5.4964
3.3788	27.6777
-42.8051	34.0604
-17.9682	36.6413
-20.7726	8.4893
34.5924	51.3562
-43.0907	-0.5452
-7.9225	-24.6856
-2.5999	56.1193
-59.0433	-11.2548
-16.0085	39.5309
15.3432	-4.1226
-17.0275	24.3525
-39.4390	-0.0740
-20.9658	43.4803
34.4057	-38.5332
-15.3850	-8.3114
-3.0939	-25.1362
-15.3943	41.0134
-47.8474	13.4027
-52.3056	3.7183
36.3046	30.7086
-46.0317	9.4652
-28.7939	-9.6921
-23.8473	4.2211
27.4928	-22.6436
-7.2121	-1.5359
-43.0629	35.5062
-17.5276	-2.6966
22.2570	-42.3080
13.3593	7.6396
-43.1918	-9.3309
35.7704	6.3328
-10.6367	18.0184
25.9564	11.8610
-20.2448	-36.9342
23.3904	-25.0515
1.2098	4.7256
0.0850	-12.4119
20.3159	-35.7366
24.0026	-14.9075
-10.3713	-53.5932
9.8949	-43.5986
19.5208	-41.1716
-33.3799	40.7605
-8.1838	-0.5177
-34.2204	1.8169
23.0991	-12.0424
-33.2019	18.9433
6.1426	22.0330
-18.9877	3.2673
-11.2288	4.5664
36.4622	50.0111
11.7115	-42.6818
-17.4837	-17.2779
14.9600	3.8966
-36.7188	24.7433
0.2548	-2.7361
42.2762	-8.1478
15.6921	-52.7469
21.2290	-41.0932
13.1398	-10.3261
-1.3306	8.7190
9.7989	-33.7040
12.7946	-43.9995
-0.3045	45.8743
25.8644	1.6634
30.1045	-32.2774
35.1845	-43.2582
-9.3791	45.3277
-0.5011	-18.9934
-47.8323	13.3022
-7.5261	9.1509
22.6056	5.5037
-6.1377	-3.0769
9.7342	17.6129
-40.4958	-1.0018
12.5468	5.0263
14.3874	-12.0971
22.5080	-29.3956
-39.7105	1.0250
34.6759	5.5056
11.8418	-40.2127
33.8131	24.3885
31.0833	18.9226
-42.2441	31.4337
38.1396	19.4633
21.4948	-16.7398
24.0610	-38.7721
-16.1312	12.7986
-17.2046	-25.8513
-53.4560	22.2761
-5.7841	-35.2791
10.5789	-14.2542
-53.7267	21.7101
22.7325	-13.9372
-15.5607	-8.9566
-43.8759	11.5827
-49.7068	-27.1336
-10.0095	-54.8025
-20.7567	49.5296
4.8410	21.5993
20.8813	28.2544
-2.9758	54.9004
-23.4722	-30.8989
37.1822	-33.2409
-19.9959	31.8014
21.5842	27.7982
-12.2915	-22.5911
3.4343	10.8616
-28.4398	8.4534
29.0091	-5.9098
-1.3268	9.1768
38.0063	6.5684
-48.9789	1.9453
-14.8712	2.5915
18.2062	8.9422
-24.7192	5.6565
-21.3966	-35.3588
-36.6636	-10.4472
4.5827	15.9554
-44.6101	9.9269
-6.0401	-0.5975
-0.3264	-23.6386
-18.9410	-1.7251
-12.9294	-27.3935
33.7610	-48.2422
-19.0182	17.7569
35.9188	20.3480
-6.3347	6.8643
21.5832	7.6695
22.9777	22.4984
22.0642	-33.0457
-16.0585	41.6704
-42.6121	-0.8774
5.7450	-0.5994
44.8733	0.6978
15.8239	-39.1419
2.0858	34.5490
-37.8300	24.4543
-1.3149	2.4608
-2.6851	3.5257
15.6601	-41.1983
11.0172	29.6135
-42.5811	-38.4225
9.4435	-4.6332
4.8230	31.5380
39.4224	22.4283
2.4015	-35.7622
18.5774	9.9729
-5.5633	7.1099
-15.2045	14.3220
-36.3189	25.4096
-29.1364	-48.8127
-38.8512	11.1397
8.2586	18.4151
48.6247	-13.5196
-26.3531	-20.8442
23.3516	-43.9916
-20.8706	3.3032
17.7272	1.8504
-17.0056	14.4659
6.4917	19.8968
50.7549	31.7022
20.9491	-12.1505
7.3714	-2.1996
-21.4011	52.2802
-12.5342	26.1113
10.1785	-23.4458
-16.3894	-21.6120
-14.6672	-18.5826
-24.0284	-12.1627
-37.1218	10.1285
13.6438	-39.3602
14.5491	-22.6806
18.5095	-35.5847
14.6798	-32.7198
-10.7184	-5.4626
-27.6412	23.3899
-4.5523	-20.7575
-18.0344	-2.2739
14.7316	-46.6264
3.3610	-13.5831
14.5875	-44.7912
-8.9536	18.4903
-28.9007	8.8948
19.0451	-26.5947
2.2799	-7.8972
-47.4193	30.0455
54.3723	-5.0413
25.4575	-29.4802
20.3060	-3.6798
-29.6311	35.7866
5.6398	-26.2029
27.9952	28.1454
13.4742	-16.5468
0.3588	1.8194
33.5726	-33.3292
6.6754	-22.7027
0.5138	-15.7363
-25.9063	13.6124
48.7419	12.8504
-16.3230	55.9615
-0.3667	56.4534
-47.3221	33.9916
-28.1825	-27.7936
-19.2183	50.6286
-48.4906	-28.8301
25.2200	6.5235
19.7838	-30.8496
-30.8883	10.0816
-46.1800	7.8029
-31.1371	9.2669
48.5825	-13.5922
-7.1683	-15.6950
-17.4573	-17.7425
28.1643	15.5370
-36.6061	-4.8886
-22.6323	-22.2536
51.1134	33.3015
16.8574	-50.4628
35.6114	15.0080
19.7932	-44.6867
2.7831	9.6961
22.6385	-51.5736
17.1112	-9.6004
14.4800	-2.5991
16.0383	-7.8097
35.1157	29.9721
-6.0898	7.8934
43.9220	-0.9277
35.4602	3.7199
-18.9438	21.4494
-8.6155	44.4218
3.1832	-13.6147
45.4398	-28.3193
28.1675	15.4908
49.4424	14.3036
18.3457	-7.1701
11.6619	5.4701
-43.1495	-11.8578
7.5990	-45.4792
50.0619	13.5372
-1.8517	-37.4871
-21.7869	43.1194
26.2571	-6.3109
-20.9187	1.2654
48.6589	-9.5512
-21.8520	51.0996
-37.2974	2.1320
42.7500	-7.8515
3.0182	16.9142
9.2602	36.2346
41.2822	35.9838
-7.0734	-28.6770
-14.2687	18.4920
-17.5388	51.4422
-21.0572	-25.7412
43.9442	-17.8384
5.6319	25.7723
3.3913	-18.5950
29.7454	9.8895
-12.4812	3.8111
-1.7290	-0.8927
8.1054	-49.6996
14.7058	0.6757
-28.0884	-16.0505
35.5390	-38.1874
6.7535	19.2605
-41.2795	-40.5663
-36.4188	-5.1412
32.3340	-41.4430
17.4414	43.9548
19.4133	46.0482
36.5213	-43.3766
21.2598	-39.7547
34.0712	17.1447
24.2660	-36.7304
28.0057	13.2350
-20.5202	19.2203
9.4448	21.6836
22.9268	22.0604
22.9889	23.0220
-42.3301	31.4070
31.1601	1.5791
-11.3031	0.1423
3.9314	-28.6079
-55.7396	13.7791
6.6459	-10.8405
20.2284	-45.9024
-28.8136	46.2960
-12.0393	25.0807
3.7494	32.1968
28.2355	26.5810
-24.6450	-32.1851
16.4147	31.5988
-24.5972	-26.4404
-14.7428	14.5170
27.4243	-7.0987
-12.1328	-25.8519
10.3303	-22.3832
-21.2006	-29.6686
-30.5483	13.9415
-12.8638	-42.7324
19.2230	-28.2529
10.5427	-5.1138
20.0589	46.5909
21.1476	45.0113
10.7221	45.7120
22.9960	-0.6921
10.5194	21.4200
5.1961	3.1503
-28.5780	-51.9516
58.8439	7.7706
41.2262	-18.4454
14.3106	34.4281
42.4900	24.7385
-4.0141	22.0233
37.1847	-9.9634
-20.2304	51.0704
9.8271	28.5199
-15.8264	9.1570
-23.4172	-19.7651
30.0183	-1.7549
-42.8623	-38.7118
-39.3638	-31.8025
1.9037	-9.7275
13.9425	23.0209
-37.1695	-3.0411
-49.5781	-18.3975
-27.8991	-1.0294
35.3548	-37.8870
5.6533	-36.0657
22.1180	-48.3917
-48.8250	5.9895
11.4173	-49.6006
-16.5383	-3.2079
21.2382	54.9602
-23.4440	12.6966
-24.9881	5.9646
-30.7677	5.0214
34.7005	-9.5144
7.2307	45.9585
25.2987	6.4785
-9.6600	-21.8373
48.5094	-0.2927
33.9923	29.7751
-8.7208	9.6034
-42.2788	-5.0852
-35.1694	-11.2950
14.7601	-38.0401
34.5293	6.3995
36.0126	13.8497
0.7400	4.0842
-11.7352	40.6352
29.9024	-38.2975
-18.2105	-59.2563
-61.4382	-12.7717
-4.7119	27.2544
-17.3382	-38.8084
-34.5752	27.0581
-34.3886	38.5555
25.7590	-39.1502
-12.2475	4.0280
20.7249	11.1726
3.5373	31.2607
-18.1532	-19.1859
19.4998	16.4832
42.9414	-8.7575
-17.4144	-11.9491
19.3723	0.7568
-6.1794	-5.3022
-26.1909	-21.1048
-24.1487	12.7881
-46.2725	31.3595
10.5947	-45.5363
12.8672	-41.4206
25.0690	-48.4586
9.1216	42.5443
10.1953	1.2178
34.7341	13.4417
13.1485	5.8846
14.2007	-16.9580
10.2088	49.9532
18.7152	-45.9087
-43.4526	44.0498
-10.5074	40.3950
-64.6383	-14.9381
-29.5247	-47.2852
11.6339	33.4778
20.9261	17.2109
3.6879	-19.6769
-5.8436	4.8949
-41.7398	36.1565
-3.7588	5.3799
14.6993	15.2022
-26.8249	-20.1092
-36.9958	-3.6175
-6.6897	-18.3839
-7.5821	-18.3779
12.7752	-5.0375
-48.6790	-27.6581
-41.6018	-4.5643
-37.7845	7.0269
-9.7801	-33.1855
15.1097	-40.5555
32.0968	17.5167
-39.1392	-0.9945
20.3653	-3.6444
8.0770	-27.8007
-12.4973	1.3032
37.4994	13.2606
55.3549	3.9990
-35.5326	-16.6662
-49.8320	-14.7086
-42.3456	-4.6443
-14.1861	-37.7538
-39.0964	-25.5804
-20.1370	44.1310
32.6756	17.3575
7.7252	20.9577
20.8374	28.3015
-4.1727	56.0947
-18.2113	-59.2532
-25.0844	-30.4300
18.9944	10.2370
14.6572	15.3344
34.8179	-15.1835
-12.7471	-19.2267
40.8429	-34.7109
19.9807	-11.2788
4.4783	18.5490
11.7753	-46.4932
-14.5050	-24.6928
24.9959	16.2094
16.8029	0.4149
10.9486	12.3159
-40.4095	17.8665
-34.8834	-4.9339
7.6320	-15.8605
-13.1958	-17.2525
23.4060	-24.9888
0.1734	50.1317
8.3630	48.1177
16.7097	-42.2711
-9.7624	17.9264
42.0423	-18.5386
0.3325	-12.8204
-59.2978	-17.2834
-17.2549	53.2182
22.7245	-13.4904
38.8155	-4.9929
1.9332	-24.1394
3.1816	27.0492
34.8505	16.7059
-7.8576	-45.7294
-42.5518	-24.4391
26.6063	25.3488
-18.8450	2.0708
-17.0235	-28.1498
36.0150	-1.1260
5.6481	-26.2151
-39.9959	6.8768
-0.7737	47.8452
-50.1791	3.1674
-45.0638	12.6990
-4.6274	27.0259
54.4747	9.0154
-6.4155	14.6838
-22.2201	18.8828
-20.1963	2.4773
15.9839	-15.8145
25.8249	-27.3257
-23.3689	-23.0874
-16.9181	20.0816
33.7677	-48.2826
-7.7402	-2.0876
-50.9910	3.5998
-8.5879	-40.3735
34.9077	5.8957
8.2780	-27.7611
19.3519	-6.8646
-28.2086	-51.3498
34.6727	40.6489
-58.1341	-15.6245
-31.2712	-23.3963
-33.6988	-17.0924
-9.5809	24.6392
38.2136	-35.8531
-49.3503	-28.9110
39.7785	-6.6630
27.7893	-7.7601
5.5641	25.7296
-17.6554	-15.8344
-5.7962	36.8563
-9.8694	19.6042
56.3705	5.7873
18.6487	-38.8749
-43.2461	-27.7630
24.2480	-50.7822
11.1309	42.5529
-43.3717	10.7749
-30.6546	4.9352
16.5480	8.9961
2.4171	-43.6372
-40.4243	17.8677
-8.0795	43.7374
20.0429	-40.0556
-8.3651	-11.1798
-29.1937	-52.6961
-29.6940	-9.8493
26.3569	-22.4215
32.9147	24.1004
-22.9954	-33.1357
8.9294	5.0596
-49.5465	-23.1844
-14.9285	-14.5011
-14.6756	4.2365
-20.1230	45.3032
-39.9528	-10.5960
-51.3440	3.6868
39.7414	-7.9029
14.8740	-7.1799
10.5494	-4.4224
22.5878	9.7851
-17.4397	-11.9112
-3.3560	55.7482
36.5378	-27.5218
14.5659	-31.5191
10.5120	-43.2542
2.8336	9.6252
-17.9374	27.9165
-31.6418	-22.7054
1.4355	-20.7907
-7.7936	-14.5165
21.0453	-13.5354
43.7737	26.6971
-3.0505	-28.9782
-10.9240	40.3717
55.7892	4.8400
-21.6713	51.4081
2.8895	35.6356
-1.7362	56.4571
38.8173	-7.3233
22.2628	1.1048
31.1610	48.3558
-27.7891	-49.4447
12.7555	31.4290
16.7020	-15.0425
47.5326	-9.6286
23.3211	55.3412
-28.1829	0.8537
25.4979	-5.9493
-13.0137	-26.7511
7.1100	-40.5612
7.4777	-45.5409
-15.5907	8.9618
16.9715	-46.3619
-0.0635	-25.7235
21.6736	-44.1933
-24.5933	27.5226
20.9989	36.9043
20.5988	35.8424
18.8387	46.8894
18.5681	-43.2523
-18.0342	-46.5079
23.4280	-36.8877
-32.8044	37.5328
8.7182	45.4341
17.9142	12.2358
-58.4776	9.1568
-41.0456	-40.0483
-44.6355	-5.2783
19.9885	10.7412
30.8287	-15.9329
21.0587	3.3276
29.9566	5.8872
-8.5823	-20.9893
-42.6929	-37.9324
-30.6769	-4.1064
-19.0595	51.5315
-28.3487	21.8128
32.7571	11.2478
-7.3318	9.7745
30.6020	-33.2169
-9.4569	16.9896
33.9938	-22.1383
4.3483	-5.4351
26.0308	14.9367
-22.5529	27.2678
32.9648	49.5728
-29.1241	-49.6929
-47.8222	6.3745
-25.2724	-5.7414
-13.8042	2.6210
5.3384	-43.1177
4.9889	-33.6728
-31.2841	1.4822
-43.2334	33.3586
-28.0499	3.1724
-35.0449	-4.1783
-43.3576	-12.5833
13.0768	-47.8652
-20.2661	4.1789
5.0495	10.7458
2.3185	-45.4076
-0.3345	16.1343
-3.1063	-7.8901
0.4436	-16.3857
13.2403	34.3880
-57.8719	-3.1266
16.1419	-19.8294
-32.8520	-4.1582
14.5700	-21.8902
4.3505	19.8871
-22.9696	37.0473
-20.2826	-6.2429
25.8198	-48.4908
16.0651	-49.7867
-10.7115	-20.9244
-45.1009	10.8956
-12.3037	17.8443
-7.1539	-10.6615
16.7085	-45.0401
-5.5757	12.1911
-10.3215	-37.3867
35.6852	5.1744
25.1500	-32.0474
10.7842	-40.2202
-11.9194	-12.6080
-18.5477	42.8993
3.4647	-45.5884
-57.2810	-12.1700
-44.2631	-10.8990
3.0654	-20.8407
-31.9440	-2.1655
-7.8557	-7.1936
0.4957	-25.4520
0.5718	-13.5661
-50.0607	-29.0464
27.7152	25.7981
5.2246	4.5866
-22.1358	-22.5385
-28.1760	3.9007
10.9549	-47.8896
29.0097	14.3115
-0.0892	-27.5878
-4.9897	37.0797
23.7912	-5.4652
-3.9650	-18.1254
5.6657	18.6621
28.2761	-8.4947
-16.9780	55.2773
-23.9533	-48.8418
-21.7230	-12.5791
-17.1352	15.0607
-0.1223	48.8890
-37.4216	-9.4733
21.1662	37.1008
-19.2558	26.6232
-10.5236	-52.8399
11.4769	1.6746
-22.1746	-4.9241
-14.2837	-3.2582
-16.8535	1.8223
-50.1615	-26.4097
0.2812	14.7299
30.4079	20.1260
-14.2862	-2.4230
0.1741	11.9174
36.4422	-10.7757
-55.1082	-17.9903
-6.7987	14.9387
-35.7559	-3.7654
27.4238	17.5225
37.3709	-35.6112
19.2227	-15.3750
32.9843	-5.1769
-41.0893	-27.9432
50.9964	-18.7953
13.1181	-36.4994
15.7580	-40.2154
18.6694	7.4681
-12.1408	24.8795
-2.9973	-39.6259
16.8680	-36.0133
29.9564	-27.3536
-49.0354	-19.3622
27.1223	-27.1969
18.5886	-41.7624
23.9136	1.9272
-54.0089	-15.1818
-46.5934	6.6089
-43.1300	-10.6704
32.7656	-24.4257
9.5459	50.2266
9.8916	-36.2844
-16.0410	-6.9148
-13.6743	33.2956
37.1843	51.0369
13.9024	-55.0698
-3.9984	-39.9998
-62.8116	-19.0231
-22.7825	38.7947
29.9565	5.8873
-17.9900	24.8025
6.6846	-40.5010
-7.9643	-6.9436
-4.7718	38.1275
22.2052	17.4161
-44.7231	33.6096
58.7343	10.0228
-16.3903	51.3608
22.2041	17.4157
39.1213	21.5652
-14.6105	3.2921
1.7137	-2.2085
-32.9423	7.1190
31.7097	48.8108
11.4446	1.8378
-46.3002	30.3411
26.5450	-30.9365
52.3588	-13.3432
-13.2538	-18.5157
-37.9213	-9.8655
0.5666	49.6147
36.2873	-43.3369
-26.9438	24.1079
-43.6387	32.8975
14.3534	34.3297
30.5242	-33.5823
48.5339	-6.1730
4.1776	23.7313
23.4359	9.8599
35.0693	16.2351
-22.9290	-1.6750
34.5074	47.0037
-29.1100	-5.3454
-54.4279	-10.0547
-11.2883	-29.1590
-64.9137	-9.4360
37.5373	13.3210
53.6047	-29.8462
-58.6552	9.3290
15.0809	24.0062
21.0408	36.7601
-9.0451	-7.4753
-33.4842	-16.3453
10.5761	6.4482
-16.3056	20.8085
25.6855	3.9669
17.1430	-43.4843
-38.2151	10.4790
34.4511	48.7384
24.8295	-5.2092
13.4364	41.0162
-9.1835	48.5067
8.1479	-18.9150
19.6501	-24.8596
38.8855	-6.1343
23.7000	-46.9731
-8.4067	-5.2643
9.0343	46.1194
-19.5895	7.7169
27.1757	17.6621
48.5591	32.6190
50.5993	14.0843
-24.8234	6.2310
-41.8182	-4.1638
-43.8873	10.0586
26.2700	12.3326
-7.9492	10.4740
20.4260	-48.4803
13.5175	-28.5149
34.3351	13.8556
-8.5667	-12.8370
-18.9670	39.0904
-21.0723	-35.8039
40.9203	22.7750
-37.8313	12.2979
17.7643	-51.0992
28.4024	9.0076
37.3338	50.7001
-21.9905	-26.2752
-28.4092	-6.9586
53.4804	-4.5159
-27.4261	-51.3085
43.2694	-8.8781
19.6498	-23.4371
23.6057	-13.9478
7.9506	17.4111
36.9907	14.7292
-39.4138	-0.5043
26.0647	-35.6540
-0.6891	1.6280
-40.7368	-27.1101
38.3068	-8.5333
-5.1487	12.8172
0.7260	21.5828
-50.2813	4.2964
-23.9580	12.7081
-30.1239	39.5840
11.0573	31.0039
-28.9455	46.0746
39.7493	-28.5955
24.9037	18.5251
6.4481	-1.4278
21.0583	37.6781
10.2491	-27.0814
-6.7359	9.4775
40.7440	-9.8090
-5.0366	13.3116
26.0480	16.4727
-23.7585	-30.2079
-8.5643	2.5842
-17.1877	-25.9319
-1.2682	7.8880
-12.0881	37.4162
-60.8253	-7.6075
-42.5826	-4.1050
-0.6098	-20.3226
17.6004	-34.1931
-20.7541	18.0607
-17.7801	20.6977
-65.0801	-14.5509
37.2694	50.5038
-23.3036	26.9614
-36.1142	9.4589
-5.4769	22.4863
-3.7820	5.2484
16.8216	-51.6067
-35.1236	-2.5101
4.3277	32.1663
9.4333	43.2205
-30.8538	-0.4853
39.4087	-22.5606
-15.7021	3.2648
-30.5821	13.9582
15.9130	6.3942
-6.9818	-7.9880
6.0049	-10.6379
-59.9194	-14.7752
-16.9774	-28.2369
-26.8304	-32.2233
-27.7754	-0.4552
-23.6988	51.5670
39.3762	8.5578
-25.8594	13.5675
22.2980	-12.6051
-61.2704	-12.4401
-12.8681	-42.7434
45.9515	-16.7489
-27.4205	-52.0948
0.3003	-23.8453
44.7772	-11.7808
-7.0764	-28.6572
12.4664	42.4555
-4.4818	26.1527
41.1567	34.9216
-22.6898	-30.2197
-49.5459	-23.1043
-8.3332	30.0634
3.0707	21.3057
-17.4758	42.4520
23.4075	32.4847
-34.0875	41.2877
9.4784	-4.6438
-27.6595	7.8463
-25.0779	-29.3139
22.4981	5.4459
0.2602	11.8839
-27.6517	-5.8116
-10.0433	-55.1106
-3.3863	-13.4568
-34.1904	1.2771
-5.1140	-50.9065
14.9406	-36.9881
13.0375	-25.4197
-34.4802	40.1941
23.5033	-11.4698
-43.8743	-4.9429
13.9671	3.8940
-32.3835	7.8259
20.5873	45.0231
36.6006	-27.7749
-7.3762	-14.1398
34.0217	28.6461
-12.8806	18.6673
-34.8459	-11.5151
-13.2537	-18.5158
26.7695	36.7061
-36.1095	9.4637
-22.9999	26.0745
-28.5633	-7.8088
1.9607	17.1942
-13.8437	4.3920
-21.5431	-20.0521
19.9882	-43.1828
26.4387	40.9143
9.4585	-8.9219
6.2143	-1.1986
-1.9101	-37.7425
17.8718	-56.5378
-9.6604	-31.8834
34.4952	39.6680
23.0314	-15.0816
23.0148	57.1830
9.2668	-41.6444
5.8183	-11.1154
22.3300	-46.2260
-0.8106	3.7495
-37.3464	-26.3092
22.5805	0.1885
-12.6271	26.3059
30.2352	9.6510
17.8023	7.6703
-29.1342	-51.0559
9.9554	-23.5759
47.0571	7.4497
-32.3189	5.8980
-16.5273	12.2119
-14.7741	41.0623
19.5125	44.5815
17.0346	31.7788
49.5726	21.0576
14.8204	-16.5949
-18.8637	48.7198
11.0607	-35.2566
51.0241	-18.8210
35.6121	-27.8767
-40.9861	6.3017
-9.7804	-33.1854
-20.1287	-23.5660
-30.6649	-3.9642
35.0394	-15.3451
-18.3483	53.6303
11.5651	-2.6693
39.4154	21.0784
14.6885	-39.8664
-37.2116	11.1112
25.8806	20.1035
17.6197	-49.2584
10.2129	22.4415
-26.7498	23.0218
13.3275	-42.6450
21.3557	57.0814
24.9736	2.3469
-34.4211	5.9564
34.3279	16.0847
9.7709	49.6897
3.4974	21.0639
11.5781	-33.4499
-18.6009	-4.0238
-1.5698	-10.6936
-13.0890	-4.5421
-7.7236	-24.3726
37.7662	7.2583
16.0069	-29.5037
-10.3457	-32.8739
7.9716	46.4617
-30.0758	-29.0514
-10.8634	19.8625
24.9065	-22.6743
-27.7427	22.4939
-16.3190	-37.9216
49.7895	20.0304
-5.9668	36.8118
12.0487	40.4771
-2.0425	24.9475
6.9663	-23.4098
32.9078	-5.1916
42.1467	25.4721
42.4066	-9.1363
1.6553	-13.5865
-43.8793	36.3695
36.9441	15.0239
-0.9454	0.9935
-4.0379	13.0919
-19.3910	23.3583
-12.7664	-4.2351
34.7163	42.0569
50.7429	12.1287
-7.8883	-17.2186
-19.5602	32.0911
-5.3165	38.6205
10.0649	-8.8261
57.4417	7.8691
11.1587	31.9929
-16.9289	-4.2405
2.0299	30.0825
-10.2339	24.6851
15.7503	-25.9515
-4.2592	-16.6854
-3.7424	18.9844
4.7616	22.5671
12.0482	-47.8439
-37.6793	-10.0488
-45.7545	5.6623
31.3241	-17.5482
-43.4546	44.0361
3.3533	-23.5099
-34.4317	6.7438
-21.3336	-15.1643
-8.9466	44.9141
29.2063	-30.6127
-33.2757	40.1088
-8.4183	8.0176
22.6700	32.4650
5.1780	32.3983
-9.5481	-22.6520
31.6082	51.0934
34.0760	-30.1811
11.1703	12.3188
-12.4768	12.8510
22.9163	-20.8232
14.2318	0.8136
-5.4627	31.7470
-2.0042	49.2551
2.9401	35.0271
-27.4680	-50.4206
36.0663	-34.7507
19.0133	-37.3901
-32.6421	41.0377
-44.0999	-27.5988
53.6471	-3.8877
17.8001	-33.0151
18.8991	-46.7314
8.7936	-37.0508
-17.7279	50.4013
-30.9867	-23.6355
-27.0164	23.4386
58.0273	8.3648
43.6367	26.3788
16.5983	6.5502
16.1168	31.5579
-18.7242	-19.3638
-41.6330	8.3699
-8.2980	-25.2844
13.7517	24.7419
26.5165	-46.4712
-0.1575	44.9025
-38.0842	7.1550
35.7484	-1.4801
34.4370	-36.2430
-54.6101	-15.4766
-35.7885	-16.6486
17.2412	-35.9674
27.4334	13.3071
-43.9537	8.9390
-13.6934	33.2765
-46.1614	30.1409
46.2655	-28.0692
-30.3103	-51.4624
-21.3583	40.7356
-2.4100	-32.0153
-15.2620	39.5502
-2.6013	-8.9988
-4.9518	-17.6497
39.9067	21.1024
23.4632	-21.4459
-64.7587	-14.1084
50.6732	32.6011
43.4447	25.7719
0.6933	-24.9987
-3.3892	-13.4180
3.4089	33.5709
6.8466	8.2612
24.8944	-43.1300
39.4353	-15.5035
-33.2075	18.9436
-28.0808	38.0328
-23.2384	-13.8435
16.3934	-0.6856
7.0515	-33.8074
-1.6583	0.4565
28.3445	25.9751
-6.0762	-17.7547
34.7316	50.3895
-22.8794	-20.6826
-27.1720	-0.4630
-43.8395	34.4787
-24.3188	41.1888
-0.3211	49.0074
-16.4877	-21.6125
33.9762	50.2191
31.4529	49.2973
-20.8717	-5.3869
-47.1544	33.9567
-9.5875	-16.8863
1.4526	-53.9766
-43.0654	34.4460
33.4661	-32.8506
-1.1813	49.3469
-31.5085	-3.8769
25.5895	-14.3025
-9.3212	-34.0857
-11.6124	-53.2561
6.5792	-31.1591
-1.1195	-33.0277
36.3140	46.3937
14.3810	40.4014
12.4854	-45.7398
47.7382	-9.5988
18.6495	-21.9869
17.7035	-39.6904
13.2646	28.5968
22.1383	-39.5171
21.6027	-14.4771
-62.7971	-15.6931
3.1907	-21.3335
26.3323	19.8494
-28.4132	-10.1985
24.1791	-42.1806
33.5245	14.0372
22.2111	-51.9174
-3.6265	56.5173
-0.2785	16.0573
-19.0784	-22.9418
-46.4182	6.4543
30.7067	-18.1955
30.2752	-5.0642
11.3902	30.5686
-13.1852	-26.3705
33.8652	28.1803
2.1553	-44.4424
37.6090	-16.9950
20.6169	2.0555
9.7071	-33.4328
45.5505	-18.9583
13.2743	41.2976
-49.9944	6.6625
10.6477	-12.3206
14.3727	23.8451
21.4960	0.1422
-15.9338	14.0824
-23.5729	26.1582
12.5815	1.3751
-7.7769	-45.6906
-14.8995	38.9327
-62.3109	-13.6279
2.8868	10.8094
-19.1603	-22.9945
-17.5037	25.0185
30.2670	-36.7608
-56.1004	-14.3035
10.9627	32.8701
-14.6269	8.4494
19.1101	24.0179
-39.3172	9.6515
-32.2035	-36.0213
8.0466	46.3629
19.9149	3.3771
-14.0976	-6.5947
11.9100	42.6177
30.2200	20.9547
-20.1792	8.7419
37.7512	-16.9842
-35.6829	8.7967
23.9144	-13.2037
20.9464	2.0919
-14.5968	17.6326
18.4411	-5.5165
1.9653	-40.3502
-6.9848	-10.5888
-33.6334	39.5641
7.5949	-15.8281
-20.1994	43.0699
-19.4604	24.4818
-32.4183	-16.1628
51.8565	-4.3813
1.2145	4.7068
56.5670	7.0737
-44.8131	10.9313
49.7127	13.4707
13.5599	-43.3099
-0.5300	47.9371
-12.4119	24.7597
-5.2910	13.3768
26.7986	-19.8830
-20.6048	-30.3422
-27.3168	24.2079
16.9794	-14.8142
-5.9498	-18.8110
-11.3122	-5.3277
56.2605	8.5350
22.4942	56.2997
16.2180	6.3230
-27.9405	-11.1249
-31.4261	38.0222
15.2712	-45.7658
18.6645	45.2226
51.9499	14.6707
9.4640	18.1138
-29.6623	-28.1427
-31.3592	1.8163
1.9599	-9.5027
0.9242	-31.4417
-29.0421	39.9998
5.1113	30.1057
-21.0320	-8.5673
18.3089	-6.0325
-15.2509	14.7526
-8.4664	-5.8934
10.2832	-3.7372
17.8018	48.5643
24.5058	-49.5197
14.4953	-3.2040
18.2832	-4.5110
-19.8798	-28.8929
15.0455	-42.0560
-12.4409	-19.0070
1.9527	35.5196
-14.5287	17.6288
-3.8159	31.3522
-43.0172	-24.0021
5.2562	-33.7134
-27.3716	40.6196
-6.2209	-44.8761
-3.2965	-25.0724
11.9817	30.3318
-34.6289	27.0084
-18.0085	27.9301
-9.1775	48.5632
-45.9088	11.2919
-58.1460	-13.9885
-28.5090	-50.1700
-40.9942	7.7397
35.4684	7.1650
8.3948	-19.4477
18.0400	-44.5024
37.8827	-28.8041
57.1039	6.8153
13.6890	-18.8286
19.9498	-38.0791
15.1386	-43.2580
22.4426	9.5614
3.0569	29.1892
19.0328	-30.6330
9.2522	-31.4847
-15.7534	-31.3127
-65.3036	-9.1408
18.6370	11.1283
-11.1167	-52.8697
1.8370	18.1030
-35.0421	-1.6760
-36.3468	38.8850
-25.7405	-34.3421
-3.5307	22.6237
-19.6870	3.4259
-15.1763	-6.9226
-19.7181	24.6297
-11.2204	36.7635
44.8271	-11.8122
-3.2491	-8.3396
-9.5097	30.5383
38.4778	-32.0159
45.5214	0.5463
23.9372	-39.9150
-30.1088	38.1919
-39.8589	-26.0994
-28.5935	46.4117
5.7217	-9.9805
48.5360	-6.3755
-41.6894	-27.6025
-29.8277	-49.9465
-11.8064	12.2806
21.8812	-10.6863
15.7610	-35.1516
-11.6308	10.2297
-0.7163	2.1521
-31.2494	9.6977
-40.6958	-26.0281
-9.6774	-21.7664
-15.4797	-9.0562
-1.3538	25.3248
-43.2681	9.7631
-48.2488	-13.5443
-3.7591	19.1282
53.4197	-5.9613
26.4413	40.9176
-20.9958	21.9672
-59.6704	-14.7208
8.1594	-2.8600
30.5013	19.6357
41.8503	35.7303
-14.2378	3.0886
19.2351	-43.0823
5.7360	32.6691
-34.8859	1.3917
-23.5026	41.5183
-43.8406	34.9165
-12.6453	-18.2550
12.7928	0.9829
1.9619	28.4655
34.1297	-37.3927
1.5371	-0.6661
34.7608	43.0982
17.2982	-49.3819
-47.1546	12.8367
44.7057	-17.5291
-49.1877	2.1619
-29.5651	34.6806
22.2889	56.5709
-25.7186	-5.7988
-32.2003	-36.0248
36.5834	5.6668
22.3423	55.8202
-5.7889	-35.2922
-14.3019	-2.0729
21.1930	11.0253
-26.1153	23.7184
11.9128	13.7669
49.5784	32.7147
-44.6971	35.0349
26.5348	16.3407
-24.5461	-26.0655
22.4998	-11.8974
32.9679	48.9807
-1.1380	-33.1487
36.6364	46.6768
18.0034	-53.2592
-22.3345	-10.4914
35.6025	15.7296
-28.8488	-8.9105
-19.1332	51.7677
43.8980	-1.0603
18.0368	-41.9578
9.2480	36.2404
39.5113	8.6801
-8.8424	31.7237
-28.4092	21.5751
4.7650	-38.8659
-24.5755	-31.1480
-53.2737	21.7421
13.3461	31.4568
26.9439	-6.6652
-20.1665	8.2609
47.5806	6.4163
20.0893	-42.2841
13.5928	25.5797
-29.9228	33.8743
-1.7545	2.3337
-31.5886	-22.7353
-12.2992	23.9972
4.0875	-32.3250
-28.7329	-50.3839
57.1698	8.7318
22.5444	-14.4291
0.1242	20.8642
-9.8355	13.2749
56.8036	6.7303
-10.5391	-55.4471
44.9325	-17.6301
12.6148	29.8747
-18.1895	19.3229
-16.9690	4.5814
-0.6248	-19.9154
10.5550	49.1301
9.2929	44.0568
-46.6579	-5.7824
55.5196	8.6942
-12.2846	-3.8672
2.5479	27.9407
-56.3869	-15.0761
-49.2179	-15.0366
13.2923	4.5708
9.4215	5.2244
-15.6586	-31.2599
-54.5505	-16.1336
20.8904	-43.1114
-23.0035	36.4328
-32.8768	39.2350
-55.1038	-14.7435
32.1268	-17.8318
21.9553	-13.7932
-64.4955	-9.6815
38.6488	-22.7644
-22.7917	40.9499
-57.8626	-3.8037
52.3647	-13.3696
-2.1358	-6.9059
-36.4276	-3.3562
-19.8648	-37.2867
35.1062	14.6538
-19.7170	-5.3081
-30.1777	0.3983
-22.8456	40.6137
12.2661	-3.9059
47.1859	7.2253
35.5736	46.6829
-9.8239	13.2331
-43.9923	-11.2745
-19.5010	6.3456
-20.7293	-30.1404
2.9793	-35.1965
13.6246	28.2291
-39.4938	-22.4691
2.8940	28.7591
-24.1597	4.5941
46.5100	-27.9956
-11.1409	11.4487
0.7886	-0.6992
10.3561	-34.5760
-49.2708	5.9821
0.6083	-1.9066
-16.9294	-38.2122
-1.1565	-45.3789
56.8531	9.5346
-33.0497	6.9810
-20.5788	55.6084
40.3407	-28.1459
41.5744	35.5483
-11.4526	36.9327
-38.6162	7.3787
26.3974	-14.4073
-19.9047	18.8570
-21.3087	56.7301
-15.8201	-35.3392
-20.8324	17.0670
19.2193	-10.3833
40.9891	-34.7273
33.0397	24.0562
-1.8948	25.0205
-39.7918	-27.1651
58.7785	7.2219
29.7787	-1.5634
21.8670	-15.8064
47.7445	6.0714
-4.4203	32.4119
-57.6830	-10.1108
29.5330	-27.4173
31.2640	-17.0134
14.4953	-3.2038
1.6174	-53.8976
25.2985	18.2040
-41.6409	-40.2181
-59.3339	-17.6993
-46.3604	-5.2104
-49.6387	-18.2919
-24.6983	-49.2375
27.5111	5.0872
25.6898	21.1151
-64.4013	-9.3668
24.0638	-5.4695
-22.2067	-11.5744
-45.2545	-10.8954
-26.2024	-31.9171
-1.9607	1.3858
14.5008	-50.9756
-9.0351	31.0163
-31.5259	37.6195
-4.4364	44.1438
-10.0840	29.9558
-30.7848	39.5914
-44.1205	-24.9147
39.0312	-7.7165
-39.5017	11.8108
-25.4977	-26.9042
34.7551	-35.5510
3.8714	-28.6169
-56.9093	-14.9568
-42.9060	-29.0869
-6.9530	-23.2538
-23.8825	-14.2167
51.6829	32.8333
-38.2602	-10.8752
-6.0313	4.2030
23.6814	15.1440
44.1455	-5.8338
-19.4507	31.2812
51.5549	19.4942
25.0629	7.0174
-27.6696	47.0067
24.9064	-22.6742
18.6541	44.6196
-34.5536	-16.7702
53.5270	-4.5195
-10.7415	18.8363
-27.6924	-25.5991
44.2489	-5.7153
-54.6144	-10.1282
25.8782	15.3839
-6.1605	-25.5518
-20.0672	18.0644
10.5311	-4.1177
-9.0943	-54.2131
15.9161	-7.8216
2.0902	-1.8675
25.1587	57.9120
-3.8336	-39.8971
-22.3315	-11.8736
30.2617	-37.0491
18.5466	24.3811
-18.4674	-46.2946
40.7145	22.3025
-37.9507	-13.1390
6.9881	13.4966
26.7536	19.8190
-3.9294	23.3576
1.1767	-32.1135
0.0018	0.4305
-57.8569	-2.1750
-60.8245	-7.6077
-33.7809	-17.0515
2.4820	34.9898
-3.6051	31.2749
-60.8270	-7.1019
-22.9139	26.4003
-24.1807	41.5655
51.1082	32.4508
-18.1672	-46.4341
-61.0253	-15.0532
8.8242	32.2733
-55.6796	-19.6006
-29.9176	-28.0180
-27.2073	-26.3762
0.6025	-54.3736
16.9534	-41.5217
-4.6887	31.9505
11.8848	31.3806
-38.3027	-27.6572
49.9651	33.0604
41.7948	-12.6222
9.1496	32.2095
-29.6850	34.2235
0.0028	60.4074
-40.4059	-25.2216
38.6474	-22.7643
-64.5754	-14.4444
-57.3282	-9.1749
-59.5333	-11.4372
-36.8644	38.6919
-42.5042	-24.5411
-0.2482	60.4035
-32.8860	37.4344
-57.8656	-2.6263
3.9194	-4.7903
5.6212	20.1503
-55.3837	-16.2671
-30.4848	38.9811
37.3218	-6.4504
-58.9162	-12.4181
-22.2305	41.4644
